timestamp,lat,lng,road_name,is_highway,segment_km,total_km,total_highway_km,fare_rs
2025-10-13 13:29:47,12.8997,77.48269,14,False,0.0,0.0,0.0,0.0
2025-10-13 13:29:52,12.90466,77.48265,WF3J+VWW,False,0.053,0.053,0.0,0.0
2025-10-13 13:29:55,12.90556,77.48191,Royal Elite Residency,False,0.002,0.055,0.0,0.0
2025-10-13 13:29:56,12.90738,77.4826,28,False,0.023,0.078,0.0,0.0
2025-10-13 13:29:58,12.90968,77.48264,No.99,False,0.01,0.088,0.0,0.0
2025-10-13 13:29:59,12.91023,77.48182,484,False,0.007,0.095,0.0,0.0
2025-10-13 13:30:01,12.90921,77.47889,02,False,0.073,0.168,0.0,0.0
2025-10-13 13:30:02,12.90809,77.47681,1,False,0.035,0.203,0.0,0.0
2025-10-13 13:30:04,12.90706,77.4747,WF4F+WWX,False,0.024,0.227,0.0,0.0
2025-10-13 13:30:06,12.9046,77.47079,Depot-12 Gate,False,0.49,0.717,0.0,0.0
2025-10-13 13:30:07,12.90199,77.46891,House No 6,True,0.006,0.723,0.006,0.01
2025-10-13 13:30:09,12.89977,77.46546,VFX8+XCQ,False,0.093,0.816,0.006,0.01
2025-10-13 13:30:10,12.89381,77.45895,Ranganatha Complex,False,0.505,1.321,0.006,0.01
2025-10-13 13:30:12,12.88946,77.45344,NH 275,True,0.564,1.885,0.57,0.68
2025-10-13 13:30:13,12.87735,77.44484,NH 275,True,1.633,3.518,2.203,2.64
2025-10-13 13:30:15,12.87319,77.44042,NH 275,True,0.076,3.594,2.279,2.73
2025-10-13 13:30:16,12.86511,77.4356,Kanminake,False,0.063,3.657,2.279,2.73
2025-10-13 13:30:18,12.85586,77.42724,17,True,1.368,5.024,3.647,4.38
2025-10-13 13:30:20,12.84395,77.42157,Sheshagirihalli,True,1.454,6.479,5.101,6.12
2025-10-13 13:30:21,12.83714,77.41587,Manchanayakanahalli,False,0.046,6.524,5.101,6.12
2025-10-13 13:30:23,12.83347,77.41393,111b,True,0.042,6.566,5.143,6.17
2025-10-13 13:30:24,12.82809,77.41229,44,False,0.062,6.628,5.143,6.17
2025-10-13 13:30:26,12.82091,77.41048,RCC6+96J,False,0.028,6.656,5.143,6.17
2025-10-13 13:30:27,12.81762,77.40759,RC85+P78,False,0.018,6.674,5.143,6.17
2025-10-13 13:30:28,12.81677,77.39843,KT-182,False,0.072,6.746,5.143,6.17
2025-10-13 13:30:30,12.81594,77.38884,11/8,False,0.022,6.768,5.143,6.17
2025-10-13 13:30:31,12.81389,77.38467,Bengaluru - Mysuru Expy,False,0.037,6.805,5.143,6.17
2025-10-13 13:30:33,12.81091,77.38156,Bengaluru - Mysuru Expy,False,0.013,6.818,5.143,6.17
2025-10-13 13:30:34,12.8051,77.37635,Bengaluru - Mysuru Expy,False,0.496,7.314,5.143,6.17
2025-10-13 13:30:36,12.79888,77.37352,Q9XF+HPG,False,0.02,7.334,5.143,6.17
2025-10-13 13:30:38,12.79254,77.37333,Bengaluru - Mysuru Expy,False,0.027,7.361,5.143,6.17
2025-10-13 13:30:39,12.78679,77.3732,Bengaluru - Mysuru Expy,False,0.033,7.395,5.143,6.17
2025-10-13 13:30:43,12.78139,77.36974,Q9J9+MMP,False,0.058,7.453,5.143,6.17
2025-10-13 13:30:44,12.77588,77.36001,Hulthar hosa doddi 2 2,False,1.22,8.672,5.143,6.17
2025-10-13 13:30:46,12.77198,77.35375,Bengaluru - Mysuru Expy,False,0.726,9.398,5.143,6.17
2025-10-13 13:30:48,12.77048,77.34928,NH275,True,0.513,9.911,5.656,6.79
2025-10-13 13:30:49,12.7691,77.3391,Q89Q+QG4,False,0.026,9.937,5.656,6.79
2025-10-13 13:30:50,12.76617,77.33231,SH17,True,0.032,9.968,5.688,6.83
2025-10-13 13:30:52,12.75108,77.31706,37-3,False,2.351,12.32,5.688,6.83
2025-10-13 13:30:54,12.74649,77.31308,P8W7+F93,False,0.667,12.987,5.688,6.83
2025-10-13 13:30:55,12.74407,77.30769,NH 275,True,0.055,13.041,5.742,6.89
2025-10-13 13:30:58,12.74023,77.2933,NH 275,True,1.619,14.661,7.362,8.83
2025-10-13 13:30:59,12.74061,77.28734,NH 275,True,0.058,14.719,7.42,8.9
2025-10-13 13:31:02,12.74268,77.28221,NH 275,True,0.602,15.321,8.022,9.63
2025-10-13 13:31:03,12.74715,77.27111,NH 275,True,1.303,16.624,9.325,11.19
2025-10-13 13:31:05,12.74985,77.26432,NH 275,True,0.0,16.625,9.326,11.19
2025-10-13 13:31:07,12.7502,77.25988,NH 275,True,0.079,16.704,9.405,11.29
2025-10-13 13:31:09,12.74951,77.25756,NH 275,True,0.0,16.704,9.405,11.29
2025-10-13 13:31:11,12.74657,77.25396,NH 275,True,0.509,17.213,9.914,11.9
2025-10-13 13:31:13,12.74283,77.2511,NH 275,True,0.001,17.213,9.914,11.9
2025-10-13 13:31:15,12.73257,77.24166,NH 275,True,0.022,17.236,9.937,11.92
2025-10-13 13:31:19,12.72849,77.23703,NH 275,True,0.04,17.275,9.976,11.97
2025-10-13 13:31:22,12.72204,77.23179,NH 275,True,0.023,17.298,9.999,12.0
2025-10-13 13:31:24,12.70469,77.22031,P64C+23,False,2.289,19.587,9.999,12.0
2025-10-13 13:31:26,12.69711,77.2155,Ramanagara - Channapattana Byp,False,0.579,20.166,9.999,12.0
2025-10-13 13:31:28,12.68988,77.20739,NH 275,True,1.043,21.21,11.042,13.25
2025-10-13 13:31:30,12.68693,77.20393,NH 275,True,0.019,21.228,11.061,13.27
2025-10-13 13:31:32,12.68367,77.20185,NH 275,True,0.02,21.249,11.081,13.3
2025-10-13 13:31:34,12.67638,77.19502,NH 275,True,0.025,21.273,11.106,13.33
2025-10-13 13:31:35,12.66987,77.18917,M5CQ+472,False,0.797,22.07,11.106,13.33
2025-10-13 13:31:39,12.66506,77.18776,55,False,0.535,22.605,11.106,13.33
2025-10-13 13:31:42,12.66122,77.18527,NH 275,True,0.519,23.123,11.625,13.95
2025-10-13 13:31:43,12.65659,77.17706,M54G+HX,False,0.978,24.101,11.625,13.95
2025-10-13 13:31:45,12.65147,77.17529,NH 275,True,0.007,24.108,11.631,13.96
2025-10-13 13:31:47,12.64872,77.17491,NH 275,True,0.0,24.108,11.631,13.96
2025-10-13 13:31:49,12.6462,77.1734,J5WF+8FG,True,0.04,24.148,11.671,14.01
2025-10-13 13:31:50,12.64404,77.16655,Ma,True,0.473,24.621,12.144,14.57
2025-10-13 13:31:52,12.64287,77.15805,132,True,0.897,25.517,13.041,15.65
2025-10-13 13:31:53,12.6408,77.15137,J5R2+GGW,False,0.022,25.54,13.041,15.65
2025-10-13 13:31:55,12.63929,77.14267,J4QV+C4X,True,0.0,25.54,13.041,15.65
2025-10-13 13:31:56,12.63682,77.12892,Mudgere,True,0.06,25.6,13.101,15.72
2025-10-13 13:31:58,12.63487,77.1224,NH 275,True,0.736,26.337,13.838,16.61
2025-10-13 13:31:59,12.63048,77.1154,29/1,False,0.045,26.382,13.838,16.61
2025-10-13 13:32:01,12.62883,77.11147,J4H6+CJR,True,0.001,26.382,13.838,16.61
2025-10-13 13:32:03,12.62815,77.10695,NH 275,True,0.494,26.877,14.332,17.2
2025-10-13 13:32:04,12.62493,77.10069,Mysore Rd,False,0.024,26.901,14.332,17.2
2025-10-13 13:32:06,12.61591,77.08752,NH 275,True,1.744,28.646,16.077,19.29
2025-10-13 13:32:08,12.60407,77.07718,NH 275,True,1.726,30.371,17.802,21.36
2025-10-13 13:32:10,12.60086,77.0726,J32F+P6P,False,0.014,30.385,17.802,21.36
2025-10-13 13:32:11,12.59728,77.06052,NH 275,True,0.439,30.825,18.242,21.89
2025-10-13 13:32:13,12.59378,77.05084,NH 275,True,0.109,30.933,18.35,22.02
2025-10-13 13:32:14,12.58317,77.03793,Maddur Main Rd,True,1.829,32.763,20.18,24.22
2025-10-13 13:32:16,12.5795,77.02849,H2HH+PCX,True,0.599,33.362,20.779,24.93
2025-10-13 13:32:18,12.56919,77.00503,H294+V5P,True,2.793,36.155,23.572,28.29
2025-10-13 13:32:20,12.5686,76.99983,HX9X+HJ8,False,0.028,36.183,23.572,28.29
2025-10-13 13:32:21,12.56399,76.99034,NH 275,True,0.764,36.947,24.336,29.2
2025-10-13 13:32:23,12.55838,76.97913,HX5J+F3,False,1.367,38.314,24.336,29.2
2025-10-13 13:32:25,12.54714,76.95878,GXW5+QJP,True,2.537,40.851,26.873,32.25
2025-10-13 13:32:26,12.546,76.9531,Mandya By-Pass Rd,False,0.63,41.481,26.873,32.25
2025-10-13 13:32:28,12.54723,76.94451,576,True,0.026,41.507,26.899,32.28
2025-10-13 13:32:29,12.54704,76.93686,GWWP+GPF,False,0.832,42.339,26.899,32.28
2025-10-13 13:32:31,12.54641,76.93352,Shrinivasapura,True,0.04,42.379,26.939,32.33
2025-10-13 13:32:32,12.54719,76.92512,GWXG+2GR,False,0.55,42.928,26.939,32.33
2025-10-13 13:32:34,12.54646,76.9183,NH 275,True,0.746,43.674,27.684,33.22
2025-10-13 13:32:35,12.54545,76.91196,NH 275,True,0.699,44.373,28.384,34.06
2025-10-13 13:32:37,12.54383,76.89672,NH 275,True,0.146,44.52,28.53,34.24
2025-10-13 13:32:38,12.54372,76.89166,979,True,0.535,45.054,29.065,34.88
2025-10-13 13:32:40,12.54524,76.88535,NH 275,True,0.66,45.714,29.725,35.67
2025-10-13 13:32:41,12.54568,76.88115,NH 275,True,0.001,45.715,29.725,35.67
2025-10-13 13:32:42,12.54466,76.87519,NH 275,True,0.604,46.318,30.329,36.39
2025-10-13 13:32:44,12.5414,76.86945,SH47,True,0.111,46.429,30.439,36.53
2025-10-13 13:32:46,12.53553,76.86483,NH 275,True,0.53,46.959,30.97,37.16
2025-10-13 13:32:47,12.52248,76.86187,GVC7+R4,False,1.479,48.438,30.97,37.16
2025-10-13 13:32:48,12.51789,76.85996,NH 275,True,0.03,48.468,30.999,37.2
2025-10-13 13:32:50,12.51621,76.858,NH 275,True,0.0,48.469,31.0,37.2
2025-10-13 13:32:51,12.51219,76.84918,GR7X+3FJ,False,0.042,48.511,31.0,37.2
2025-10-13 13:34:05,12.8997,77.48269,14,False,0.0,0.0,0.0,0.0
2025-10-13 13:34:07,12.90466,77.48265,WF3J+VWW,False,0.024,0.024,0.0,0.0
2025-10-13 13:34:08,12.90556,77.48191,Royal Elite Residency,False,0.002,0.026,0.0,0.0
2025-10-13 13:34:09,12.90738,77.4826,28,False,0.023,0.048,0.0,0.0
2025-10-13 13:34:11,12.90968,77.48264,No.99,False,0.01,0.058,0.0,0.0
2025-10-13 13:34:12,12.91023,77.48182,484,False,0.007,0.065,0.0,0.0
2025-10-13 13:34:14,12.90921,77.47889,02,False,0.073,0.138,0.0,0.0
2025-10-13 13:34:15,12.90809,77.47681,1,False,0.035,0.173,0.0,0.0
2025-10-13 13:34:17,12.90706,77.4747,WF4F+WWX,False,0.024,0.197,0.0,0.0
2025-10-13 13:34:18,12.9046,77.47079,Depot-12 Gate,False,0.49,0.687,0.0,0.0
2025-10-13 13:34:20,12.90199,77.46891,House No 6,True,0.006,0.693,0.006,0.01
2025-10-13 13:34:23,12.89977,77.46546,VFX8+XCQ,False,0.093,0.786,0.006,0.01
2025-10-13 13:34:25,12.89381,77.45895,Ranganatha Complex,False,0.505,1.291,0.006,0.01
2025-10-13 13:34:26,12.88946,77.45344,NH 275,True,0.564,1.855,0.57,0.68
2025-10-13 13:34:27,12.87735,77.44484,NH 275,True,1.633,3.488,2.203,2.64
2025-10-13 13:34:29,12.87319,77.44042,NH 275,True,0.076,3.564,2.279,2.73
2025-10-13 13:34:31,12.86511,77.4356,Kanminake,False,0.063,3.627,2.279,2.73
2025-10-13 13:34:32,12.85586,77.42724,17,True,1.368,4.995,3.647,4.38
2025-10-13 13:34:33,12.84395,77.42157,Sheshagirihalli,True,1.454,6.449,5.101,6.12
2025-10-13 13:34:35,12.83714,77.41587,Manchanayakanahalli,False,0.046,6.495,5.101,6.12
2025-10-13 13:34:36,12.83347,77.41393,111b,True,0.042,6.537,5.143,6.17
2025-10-13 13:34:38,12.82809,77.41229,44,False,0.062,6.599,5.143,6.17
2025-10-13 13:34:40,12.82091,77.41048,RCC6+96J,False,0.028,6.627,5.143,6.17
2025-10-13 13:34:41,12.81762,77.40759,RC85+P78,False,0.018,6.645,5.143,6.17
2025-10-13 13:34:43,12.81677,77.39843,KT-182,False,0.072,6.717,5.143,6.17
2025-10-13 13:34:44,12.81594,77.38884,11/8,False,0.022,6.738,5.143,6.17
2025-10-13 13:34:46,12.81389,77.38467,Bengaluru - Mysuru Expy,False,0.037,6.775,5.143,6.17
2025-10-13 13:34:47,12.81091,77.38156,Bengaluru - Mysuru Expy,False,0.013,6.789,5.143,6.17
2025-10-13 13:34:49,12.8051,77.37635,Bengaluru - Mysuru Expy,False,0.496,7.284,5.143,6.17
2025-10-13 13:34:51,12.79888,77.37352,Q9XF+HPG,False,0.02,7.305,5.143,6.17
2025-10-13 13:34:52,12.79254,77.37333,Bengaluru - Mysuru Expy,False,0.027,7.332,5.143,6.17
2025-10-13 13:34:53,12.78679,77.3732,Bengaluru - Mysuru Expy,False,0.033,7.365,5.143,6.17
2025-10-13 13:34:55,12.78139,77.36974,Q9J9+MMP,False,0.058,7.423,5.143,6.17
2025-10-13 13:34:56,12.77588,77.36001,Hulthar hosa doddi 2 2,False,1.22,8.643,5.143,6.17
2025-10-13 13:34:57,12.77198,77.35375,Bengaluru - Mysuru Expy,False,0.726,9.368,5.143,6.17
2025-10-13 13:34:59,12.77048,77.34928,NH275,True,0.513,9.881,5.656,6.79
2025-10-13 13:35:00,12.7691,77.3391,Q89Q+QG4,False,0.026,9.907,5.656,6.79
2025-10-13 13:35:02,12.76617,77.33231,SH17,True,0.032,9.939,5.688,6.83
2025-10-13 13:35:03,12.75108,77.31706,37-3,False,2.351,12.29,5.688,6.83
2025-10-13 13:35:05,12.74649,77.31308,P8W7+F93,False,0.667,12.957,5.688,6.83
2025-10-13 13:35:06,12.74407,77.30769,NH 275,True,0.055,13.012,5.742,6.89
2025-10-13 13:35:07,12.74023,77.2933,NH 275,True,1.619,14.631,7.362,8.83
2025-10-13 13:35:09,12.74061,77.28734,NH 275,True,0.058,14.689,7.42,8.9
2025-10-13 13:35:11,12.74268,77.28221,NH 275,True,0.602,15.292,8.022,9.63
2025-10-13 13:35:12,12.74715,77.27111,NH 275,True,1.303,16.595,9.325,11.19
2025-10-13 13:35:13,12.74985,77.26432,NH 275,True,0.0,16.595,9.326,11.19
2025-10-13 13:35:15,12.7502,77.25988,NH 275,True,0.079,16.674,9.405,11.29
2025-10-13 13:35:17,12.74951,77.25756,NH 275,True,0.0,16.674,9.405,11.29
2025-10-13 13:35:18,12.74657,77.25396,NH 275,True,0.509,17.183,9.914,11.9
2025-10-13 13:35:20,12.74283,77.2511,NH 275,True,0.001,17.184,9.914,11.9
2025-10-13 13:35:23,12.73257,77.24166,NH 275,True,0.022,17.206,9.937,11.92
2025-10-13 13:35:24,12.72849,77.23703,NH 275,True,0.04,17.246,9.976,11.97
2025-10-13 13:35:27,12.72204,77.23179,NH 275,True,0.023,17.268,9.999,12.0
2025-10-13 13:35:29,12.70469,77.22031,P64C+23,False,2.289,19.557,9.999,12.0
2025-10-13 13:35:31,12.69711,77.2155,Ramanagara - Channapattana Byp,False,0.579,20.137,9.999,12.0
2025-10-13 13:35:32,12.68988,77.20739,NH 275,True,1.043,21.18,11.042,13.25
2025-10-13 13:35:34,12.68693,77.20393,NH 275,True,0.019,21.199,11.061,13.27
2025-10-13 13:35:35,12.68367,77.20185,NH 275,True,0.02,21.219,11.081,13.3
2025-10-13 13:35:37,12.67638,77.19502,NH 275,True,0.025,21.244,11.106,13.33
2025-10-13 13:35:38,12.66987,77.18917,M5CQ+472,False,0.797,22.041,11.106,13.33
2025-10-13 13:35:40,12.66506,77.18776,55,False,0.535,22.575,11.106,13.33
2025-10-13 13:35:41,12.66122,77.18527,NH 275,True,0.519,23.094,11.625,13.95
2025-10-13 13:35:43,12.65659,77.17706,M54G+HX,False,0.978,24.072,11.625,13.95
2025-10-13 13:35:44,12.65147,77.17529,NH 275,True,0.007,24.078,11.631,13.96
2025-10-13 13:35:45,12.64872,77.17491,NH 275,True,0.0,24.078,11.631,13.96
2025-10-13 13:35:47,12.6462,77.1734,J5WF+8FG,True,0.04,24.118,11.671,14.01
2025-10-13 13:35:48,12.64404,77.16655,Ma,True,0.473,24.591,12.144,14.57
2025-10-13 13:35:50,12.64287,77.15805,132,True,0.897,25.488,13.041,15.65
2025-10-13 13:35:51,12.6408,77.15137,J5R2+GGW,False,0.022,25.51,13.041,15.65
2025-10-13 13:35:53,12.63929,77.14267,J4QV+C4X,True,0.0,25.51,13.041,15.65
2025-10-13 13:35:54,12.63682,77.12892,Mudgere,True,0.06,25.571,13.101,15.72
2025-10-13 13:35:56,12.63487,77.1224,NH 275,True,0.736,26.307,13.838,16.61
2025-10-13 13:35:57,12.63048,77.1154,29/1,False,0.045,26.352,13.838,16.61
2025-10-13 13:35:58,12.62883,77.11147,J4H6+CJR,True,0.001,26.353,13.838,16.61
2025-10-13 13:36:00,12.62815,77.10695,NH 275,True,0.494,26.847,14.332,17.2
2025-10-13 13:36:01,12.62493,77.10069,Mysore Rd,False,0.024,26.871,14.332,17.2
2025-10-13 13:36:03,12.61591,77.08752,NH 275,True,1.744,28.616,16.077,19.29
2025-10-13 13:36:04,12.60407,77.07718,NH 275,True,1.726,30.342,17.802,21.36
2025-10-13 13:36:05,12.60086,77.0726,J32F+P6P,False,0.014,30.356,17.802,21.36
2025-10-13 13:36:59,12.8997,77.48269,14,False,0.0,0.0,0.0,0.0
2025-10-13 13:37:01,12.89965,77.48496,VFXM+VWQ,True,0.008,0.008,0.008,0.01
2025-10-13 13:37:03,12.89943,77.48614,VFXP+QC2,False,0.019,0.027,0.008,0.01
2025-10-13 13:37:04,12.89838,77.48723,11A,False,0.042,0.068,0.008,0.01
2025-10-13 13:37:06,12.89633,77.48702,1,False,0.057,0.125,0.008,0.01
2025-10-13 13:37:07,12.89281,77.4864,971,True,0.01,0.136,0.019,0.02
2025-10-13 13:37:09,12.88951,77.49252,924,True,0.538,0.674,0.557,0.67
2025-10-13 13:37:11,12.88448,77.50135,Block 7,True,0.005,0.678,0.561,0.67
2025-10-13 13:37:13,12.88904,77.51009,NICE Bangalore - Mysore Expy,False,0.918,1.596,0.561,0.67
2025-10-13 13:37:14,12.89856,77.51866,716,False,0.608,2.204,0.561,0.67
2025-10-13 13:37:16,12.9037,77.52521,# 22 Sunku Arcade Dr.Vishnuvardhana Main Road near Nice Road Bridge Uttarahalli R R 560098,True,0.651,2.856,1.213,1.46
2025-10-13 13:37:18,12.90979,77.52924,78,True,0.53,3.386,1.743,2.09
2025-10-13 13:37:20,12.91816,77.53171,7,False,0.483,3.869,1.743,2.09
2025-10-13 13:37:21,12.93993,77.53147,WGQJ+PF8,False,2.408,6.277,1.743,2.09
2025-10-13 13:37:23,12.9438,77.53016,Nayandahalli Junction,False,0.122,6.399,1.743,2.09
2025-10-13 13:37:24,12.94562,77.52756,60,False,0.004,6.403,1.743,2.09
2025-10-13 13:37:25,12.94936,77.52279,Nagarabavi to Nayandahalli sirvice,True,0.032,6.435,1.774,2.13
2025-10-13 13:37:27,12.9539,77.51979,103,False,0.49,6.924,1.774,2.13
2025-10-13 13:37:28,12.95676,77.51947,235,False,0.0,6.925,1.774,2.13
2025-10-13 13:37:30,12.95928,77.51634,Sri Raksha,True,0.022,6.947,1.796,2.16
2025-10-13 13:37:31,12.96188,77.51246,553,False,0.032,6.978,1.796,2.16
2025-10-13 13:37:33,12.97296,77.51298,11,False,1.057,8.036,1.796,2.16
2025-10-13 13:37:34,12.9832,77.51823,XGM9+33P,False,1.268,9.304,1.796,2.16
2025-10-13 13:37:35,12.99743,77.52335,Chowdeshwari Nagar Bus Stop,True,1.669,10.973,3.466,4.16
2025-10-13 13:37:37,13.00418,77.52648,93,False,0.112,11.086,3.466,4.16
2025-10-13 13:37:39,13.00858,77.5267,Laggere Bridge,False,0.487,11.573,3.466,4.16
2025-10-13 13:37:40,13.01483,77.53059,Nandhini Layout,False,0.073,11.646,3.466,4.16
2025-10-13 13:37:41,13.02645,77.5349,Guraguntapalya,False,1.368,13.014,3.466,4.16
2025-10-13 13:37:43,13.0305,77.53724,2GJP+5WG,True,0.052,13.065,3.518,4.22
2025-10-13 13:37:45,13.02914,77.53994,B-6,True,0.004,13.069,3.521,4.23
2025-10-13 13:37:46,13.03854,77.5421,Mangalore - Villupuram Rd,False,0.092,13.161,3.521,4.23
2025-10-13 13:37:47,13.04128,77.5461,#11,True,0.015,13.176,3.536,4.24
2025-10-13 13:37:49,13.04321,77.55174,409/4,False,0.032,13.208,3.536,4.24
2025-10-13 13:37:50,13.04376,77.55777,BEL Circle,False,0.55,13.758,3.536,4.24
2025-10-13 13:37:52,13.04435,77.56225,2HV6+MRX,False,0.49,14.248,3.536,4.24
2025-10-13 13:37:53,13.04698,77.56863,Devinagar BEL Circle,True,0.54,14.788,4.076,4.89
2025-10-13 13:37:54,13.04753,77.57636,2HXG+2HR,False,0.064,14.852,4.076,4.89
2025-10-13 13:37:56,13.04732,77.57965,2HWJ+V3X,False,0.01,14.862,4.076,4.89
2025-10-13 13:37:57,13.04353,77.58485,Hebbal Lake Ring Road Fit Bel Circle,False,0.517,15.379,4.076,4.89
2025-10-13 13:37:58,13.04269,77.58852,Range Office,False,0.011,15.39,4.076,4.89
2025-10-13 13:38:00,13.04479,77.5907,2HVR+Q6,False,0.0,15.39,4.076,4.89
2025-10-13 13:38:01,13.05129,77.59314,3H2V+43W,False,0.046,15.437,4.076,4.89
2025-10-13 13:38:03,13.07472,77.59259,4-6,False,2.593,18.029,4.076,4.89
2025-10-13 13:38:04,13.08592,77.59462,322,False,0.738,18.767,4.076,4.89
2025-10-13 13:38:06,13.09537,77.59771,Bengaluru - Yelahanka (S),False,0.537,19.305,4.076,4.89
2025-10-13 13:38:07,13.10352,77.60033,No. 509/3-456,True,0.073,19.377,4.149,4.98
2025-10-13 13:38:09,13.11627,77.60778,75/2,False,1.625,21.003,4.149,4.98
2025-10-13 13:38:10,13.13162,77.61535,NH-7,True,1.886,22.889,6.035,7.24
2025-10-13 13:38:12,13.13966,77.61746,4JQ9+W3X,True,0.801,23.69,6.835,8.2
2025-10-13 13:38:14,13.14556,77.61763,4JW8+7V9,False,0.509,24.199,6.835,8.2
2025-10-13 13:38:15,13.15147,77.62001,M.VIT Cross,False,0.524,24.722,6.835,8.2
2025-10-13 13:38:17,13.16115,77.62664,NH7,True,1.29,26.012,8.125,9.75
2025-10-13 13:38:19,13.17169,77.63291,5JCM+J8F,True,1.35,27.362,9.475,11.37
2025-10-13 13:38:20,13.1844,77.64141,Meenakunte Hosuru,False,1.681,29.043,9.475,11.37
2025-10-13 13:38:23,13.19282,77.64844,5JVW+8WF,False,0.549,29.592,9.475,11.37
2025-10-13 13:38:25,13.20312,77.66428,6M37+FRW,False,2.061,31.653,9.475,11.37
2025-10-13 13:38:26,13.21542,77.67652,6M8G+6PP KSIIDC Access Flyover,True,1.901,33.553,11.376,13.65
2025-10-13 13:38:28,13.24196,77.70336,Devanahalli Bypass NH-7,True,4.133,37.687,15.509,18.61
2025-10-13 13:38:29,13.24601,77.70582,Nesto Vardha,False,0.517,38.204,15.509,18.61
2025-10-13 13:38:31,13.25061,77.70698,1/165,False,0.524,38.728,15.509,18.61
2025-10-13 13:38:32,13.25578,77.70992,7P45+9XP,True,0.655,39.383,16.163,19.4
2025-10-13 13:38:34,13.26094,77.71584,7P58+VFF,True,0.859,40.241,17.022,20.43
2025-10-13 13:38:35,13.26804,77.71979,43,False,0.025,40.266,17.022,20.43
2025-10-13 13:38:36,13.27849,77.72189,7PHC+5RX,True,0.49,40.757,17.512,21.01
2025-10-13 13:38:38,13.30101,77.72552,8P2G+82J,False,2.522,43.279,17.512,21.01
2025-10-13 13:38:39,13.3315,77.72555,8PJG+C3,False,3.373,46.652,17.512,21.01
2025-10-13 13:38:40,13.36067,77.72573,#15 Devishettihalli Doddamarall post,True,3.227,49.879,20.74,24.89
2025-10-13 13:38:42,13.37407,77.72599,9PFG+C7W,False,0.057,49.936,20.74,24.89
2025-10-13 13:38:43,13.37899,77.72601,9PHG+PH2,True,0.028,49.965,20.768,24.92
2025-10-13 13:38:45,13.38353,77.72717,Chikkaballapur Bypass,False,0.023,49.988,20.768,24.92
2025-10-13 13:38:46,13.39343,77.74041,Hyderabad - Bangalore Hwy,False,1.805,51.792,20.768,24.92
2025-10-13 13:38:47,13.40057,77.74221,Hyderabad - Bangalore Hwy,False,0.499,52.292,20.768,24.92
2025-10-13 13:38:49,13.41036,77.74324,AH43,False,0.048,52.34,20.768,24.92
2025-10-13 13:38:50,13.42437,77.7442,Srinagar - Kanyakumari Hwy,False,1.554,53.894,20.768,24.92
2025-10-13 13:38:52,13.4361,77.73958,CPPQ+HQR,False,1.391,55.284,20.768,24.92
2025-10-13 13:38:53,13.44674,77.73567,K.B. Pillappa Building B.B.Road,True,0.504,55.788,21.272,25.53
2025-10-13 13:38:55,13.45692,77.739,FP4Q+JP9,True,1.183,56.971,22.454,26.95
2025-10-13 13:38:56,13.491,77.75237,FQR2+CV2,False,4.039,61.01,22.454,26.95
2025-10-13 13:38:58,13.52,77.76481,NH 44,True,3.48,64.489,25.934,31.12
2025-10-13 13:38:59,13.53309,77.766,AH43,False,1.454,65.943,25.934,31.12
2025-10-13 13:39:00,13.55441,77.77739,Tadipatri - Bangalore Rd,False,2.661,68.604,25.934,31.12
2025-10-13 13:39:02,13.58788,77.78346,7,False,3.761,72.365,25.934,31.12
2025-10-13 13:39:03,13.61844,77.78999,Hyderabad - Bangalore Hwy,False,3.454,75.819,25.934,31.12
2025-10-13 13:39:05,13.62754,77.79144,AH43,True,0.017,75.836,25.951,31.14
2025-10-13 13:39:06,13.63481,77.79027,JQMR+R27,False,0.628,76.464,25.951,31.14
2025-10-13 13:39:08,13.63855,77.78733,JQPQ+W2Q,False,0.496,76.96,25.951,31.14
2025-10-13 13:39:09,13.65063,77.7859,MQ2P+F6,False,0.053,77.013,25.951,31.14
2025-10-13 13:39:10,13.67145,77.78467,Srinagar - Kanyakumari Hwy,False,2.307,79.321,25.951,31.14
2025-10-13 13:39:12,13.71723,77.78556,Hyderabad - Bangalore Hwy,False,5.066,84.386,25.951,31.14
2025-10-13 13:39:13,13.72553,77.78595,PQGP+5HV Paragodu Tree Park,False,0.919,85.306,25.951,31.14
2025-10-13 13:39:14,13.73948,77.78848,PQQQ+V69,False,1.568,86.873,25.951,31.14
2025-10-13 13:39:16,13.7528,77.78716,QQ3P+2QQ,False,1.481,88.354,25.951,31.14
2025-10-13 13:39:17,13.76866,77.78355,Srinagar - Kanyakumari Hwy,False,1.798,90.151,25.951,31.14
2025-10-13 13:39:19,13.78238,77.77516,TB cross bagepalli taluk,False,1.768,91.92,25.951,31.14
2025-10-13 13:39:20,13.79153,77.76604,Bagepalli Toll Plaza,False,0.609,92.528,25.951,31.14
2025-10-13 13:39:22,13.79898,77.75729,NH 44,True,1.255,93.783,27.206,32.65
2025-10-13 13:39:23,13.80721,77.75275,RQ43+V7H,False,0.786,94.569,27.206,32.65
2025-10-13 13:39:24,13.82287,77.74759,854-1,True,1.82,96.39,29.026,34.83
2025-10-13 13:39:26,13.83482,77.74092,RPMR+W83,True,0.018,96.407,29.044,34.85
2025-10-13 13:39:27,13.84038,77.736,RPRP+7C9,True,0.584,96.991,29.628,35.55
2025-10-13 13:39:29,13.84869,77.72645,RPXG+F52,True,1.382,98.374,31.01,37.21
2025-10-13 13:39:30,13.85433,77.72172,Tadipatri - Bangalore Rd,True,0.596,98.969,31.606,37.93
2025-10-13 13:39:31,13.86343,77.71998,VP7C+G52,True,0.268,99.237,31.874,38.25
2025-10-13 13:39:33,13.87387,77.72099,Tadipatri - Bangalore Rd,True,0.039,99.276,31.913,38.3
2025-10-13 13:39:34,13.88131,77.71594,AH43,True,0.903,100.179,32.816,39.38
2025-10-13 13:39:36,13.88519,77.7117,Hyderabad - Bangalore Hwy,True,0.608,100.788,33.424,40.11
2025-10-13 13:39:37,13.88938,77.70559,Tadipatri - Bangalore Rd,True,0.753,101.54,34.177,41.01
2025-10-13 13:39:38,13.89379,77.69991,Hyderabad - Bangalore Hwy,True,0.04,101.581,34.217,41.06
2025-10-13 13:39:40,13.90726,77.69709,Tadipatri - Bangalore Rd,True,1.521,103.102,35.738,42.89
2025-10-13 13:39:41,13.91389,77.69526,WM7V+WM5,True,0.042,103.144,35.78,42.94
2025-10-13 13:39:42,13.91717,77.69247,Hyderabad - Bangalore Hwy,True,0.096,103.24,35.876,43.05
2025-10-13 13:39:44,13.92753,77.69077,WMGR+R6,True,0.051,103.291,35.928,43.11
2025-10-13 13:39:45,13.93408,77.68788,Hyderabad - Bangalore Hwy,True,0.662,103.953,36.589,43.91
2025-10-13 13:39:47,13.94146,77.6881,Hyderabad - Bangalore Hwy,True,0.817,104.77,37.406,44.89
2025-10-13 13:39:48,13.95145,77.67977,Hyderabad - Bangalore Hwy,True,1.426,106.195,38.832,46.6
2025-10-13 13:39:51,13.9558,77.67651,XM4G+7FP,True,0.596,106.791,39.428,47.31
2025-10-13 13:39:53,13.95953,77.67745,2/67,True,0.048,106.84,39.476,47.37
2025-10-13 13:39:55,13.96357,77.67908,Upendra house,True,0.48,107.32,39.956,47.95
2025-10-13 13:39:56,13.96874,77.67882,Hyderabad - Bangalore Hwy,True,0.531,107.851,40.488,48.59
2025-10-13 13:39:57,13.97624,77.67298,XMGF+CF9,True,0.745,108.597,41.233,49.48
2025-10-13 13:39:59,13.98251,77.66756,NH 44,True,0.495,109.092,41.728,50.07
2025-10-13 13:40:00,13.99024,77.65726,XMR4+7W,True,0.739,109.831,42.468,50.96
2025-10-13 13:40:01,13.99591,77.65131,2/14-A,True,0.298,110.13,42.766,51.32
2025-10-13 13:40:03,13.99868,77.64543,Srinagar - Kanyakumari Hwy,True,0.705,110.835,43.471,52.17
2025-10-13 13:40:04,14.00137,77.63462,Srinagar - Kanyakumari Hwy,True,1.205,112.04,44.677,53.61
2025-10-13 13:40:06,14.00265,77.62956,2J2J+W78,True,0.521,112.561,45.197,54.24
2025-10-13 13:40:07,14.00655,77.62477,2J4G+G6,True,0.0,112.561,45.198,54.24
2025-10-13 13:40:08,14.00797,77.61808,2J59+8C,True,0.009,112.571,45.207,54.25
2025-10-13 13:40:10,14.01011,77.61388,Srinagar - Kanyakumari Hwy,True,0.0,112.571,45.207,54.25
2025-10-13 13:40:11,14.01733,77.60885,2J95+5GH,True,0.068,112.638,45.275,54.33
2025-10-13 13:40:13,14.02368,77.60898,Srinagar - Kanyakumari Hwy,True,0.142,112.78,45.417,54.5
2025-10-13 13:40:15,14.03165,77.60868,2JJ5+676,True,0.344,113.124,45.76,54.91
2025-10-13 13:40:17,14.04433,77.61286,Srinagar - Kanyakumari Hwy,True,1.474,114.598,47.234,56.68
2025-10-13 13:40:18,14.04864,77.61407,Srinagar - Kanyakumari Hwy,True,0.0,114.598,47.235,56.68
2025-10-13 13:40:19,14.05345,77.61259,Srinagar - Kanyakumari Hwy,True,0.011,114.609,47.246,56.69
2025-10-13 13:40:21,14.06125,77.60941,AH43,True,0.003,114.613,47.249,56.7
2025-10-13 13:40:22,14.07019,77.60568,3JC4+84X,True,0.78,115.393,48.03,57.64
2025-10-13 13:40:24,14.07676,77.60813,Srinagar - Kanyakumari Hwy,True,0.504,115.897,48.534,58.24
2025-10-13 13:40:25,14.08229,77.61392,Srinagar - Kanyakumari Hwy,True,0.524,116.422,49.058,58.87
2025-10-13 13:40:26,14.08882,77.61803,3JQ8+VR,True,0.353,116.775,49.411,59.29
2025-10-13 13:40:28,14.09379,77.61959,NH 44,True,0.018,116.793,49.43,59.32
2025-10-13 13:40:29,14.11468,77.61248,Srinagar - Kanyakumari Hwy,True,0.083,116.877,49.513,59.42
2025-10-13 13:40:31,14.13893,77.60396,Tadipatri - Bangalore Rd,True,2.836,119.713,52.35,62.82
2025-10-13 13:40:32,14.14699,77.60552,4JW4+R42,True,0.791,120.504,53.141,63.77
2025-10-13 13:40:34,14.15684,77.60908,5J45+MC7,True,1.156,121.66,54.296,65.16
2025-10-13 13:40:35,14.16039,77.61086,5J56+W3P,True,0.019,121.679,54.315,65.18
2025-10-13 13:40:37,14.1677,77.619,Penukonda Kia Motors,True,1.005,122.684,55.32,66.38
2025-10-13 13:40:38,14.17494,77.62584,Hyderabad - Bangalore Hwy,True,0.977,123.66,56.297,67.56
2025-10-13 13:40:40,14.18005,77.62925,Ammavaru Palli,True,0.559,124.219,56.855,68.23
2025-10-13 13:40:41,14.18503,77.63055,5JMJ+P3M,True,0.04,124.259,56.895,68.27
2025-10-13 13:40:42,14.19138,77.62943,5JRH+FWH,True,0.713,124.972,57.608,69.13
2025-10-13 13:40:44,14.19995,77.63239,Srinagar - Kanyakumari Hwy,True,0.016,124.987,57.624,69.15
2025-10-13 13:40:45,14.21561,77.63209,Srinagar - Kanyakumari Hwy,True,1.733,126.72,59.357,71.23
2025-10-13 13:40:47,14.22645,77.63006,Tadipatri - Bangalore Rd,True,0.598,127.318,59.954,71.95
2025-10-13 13:40:48,14.23648,77.62742,6JPH+P9C,True,0.637,127.955,60.592,72.71
2025-10-13 13:40:49,14.24438,77.62581,Srinagar - Kanyakumari Hwy,True,0.891,128.846,61.483,73.78
2025-10-13 13:40:51,14.25027,77.62474,Srinagar - Kanyakumari Hwy,True,0.662,129.508,62.145,74.57
2025-10-13 13:40:52,14.25995,77.62508,Srinagar - Kanyakumari Hwy,True,0.003,129.511,62.147,74.58
2025-10-13 13:40:54,14.26657,77.62905,Srinagar - Kanyakumari Hwy,True,0.562,130.073,62.709,75.25
2025-10-13 13:40:55,14.27184,77.6306,Srinagar - Kanyakumari Hwy,True,0.018,130.091,62.728,75.27
2025-10-13 13:40:56,14.28,77.62744,7JHG+QJQ,True,0.741,130.832,63.468,76.16
2025-10-13 13:40:58,14.29055,77.62752,93/6,True,0.223,131.055,63.691,76.43
2025-10-13 13:40:59,14.29933,77.62792,Srinagar - Kanyakumari Hwy,True,0.871,131.926,64.563,77.48
2025-10-13 13:41:01,14.30373,77.63059,8J3H+FRJ,True,0.047,131.973,64.61,77.53
2025-10-13 13:41:02,14.3112,77.63523,8J6M+5P,True,0.966,132.939,65.576,78.69
2025-10-13 13:41:03,14.31413,77.6367,Chennekothapalli Rd,True,0.033,132.972,65.608,78.73
2025-10-13 13:41:05,14.31912,77.63605,8J9M+QVQ,True,0.557,133.529,66.165,79.4
2025-10-13 13:41:06,14.33193,77.63703,AH43,True,1.421,134.95,67.586,81.1
2025-10-13 13:41:07,14.36226,77.64052,NH 44,True,3.377,138.327,70.963,85.16
2025-10-13 13:41:09,14.37607,77.64155,Srinagar - Kanyakumari Hwy,True,1.532,139.859,72.495,86.99
2025-10-13 13:41:10,14.38247,77.64272,9JJR+RXQ,True,0.719,140.578,73.215,87.86
2025-10-13 13:41:12,14.38684,77.64062,9JPQ+FXF,True,0.089,140.667,73.304,87.96
2025-10-13 13:41:13,14.39695,77.638,AH43,True,0.546,141.214,73.85,88.62
2025-10-13 13:41:14,14.40819,77.63447,CJ5M+6WR,True,1.301,142.514,75.151,90.18
2025-10-13 13:41:16,14.41726,77.63174,AH43,True,0.181,142.695,75.331,90.4
2025-10-13 13:41:19,14.42791,77.62911,CJHH+3F4,True,0.083,142.778,75.414,90.5
2025-10-13 13:41:21,14.43689,77.62655,CJPH+Q9F,True,0.802,143.58,76.216,91.46
2025-10-13 13:41:23,14.44896,77.62805,CJXH+986,True,0.649,144.229,76.865,92.24
2025-10-13 13:41:24,14.4634,77.62731,FJ7H+63Q,True,1.6,145.829,78.465,94.16
2025-10-13 13:41:26,14.4866,77.63077,FJQJ+62W,True,2.594,148.422,81.059,97.27
2025-10-13 13:41:27,14.50369,77.63157,GJ3J+8FW,True,1.893,150.315,82.952,99.54
2025-10-13 13:41:28,14.51493,77.63286,Srinagar - Kanyakumari Hwy,True,1.251,151.567,84.203,101.04
2025-10-13 13:41:30,14.52129,77.6339,Srinagar - Kanyakumari Hwy,True,0.627,152.193,84.83,101.8
2025-10-13 13:41:31,14.5253,77.63256,GJFM+WCR,True,0.16,152.353,84.989,101.99
2025-10-13 13:41:33,14.53582,77.62909,GJPH+8CH,True,0.043,152.396,85.032,102.04
2025-10-13 13:41:34,14.56612,77.62092,AH43,True,3.466,155.862,88.499,106.2
2025-10-13 13:41:35,14.57778,77.61999,HJGC+X4,True,1.294,157.156,89.793,107.75
2025-10-13 13:41:37,14.58304,77.61831,HJJ9+WC9,True,0.469,157.625,90.261,108.31
2025-10-13 13:41:38,14.5946,77.60949,AH43,True,1.594,159.218,91.855,110.23
2025-10-13 13:41:39,14.60042,77.6069,AH43,True,0.606,159.824,92.46,110.95
2025-10-13 13:41:41,14.60738,77.60533,7/219A,True,0.76,160.584,93.22,111.86
2025-10-13 13:41:42,14.61227,77.60569,JJ64+Q7W,True,0.008,160.592,93.229,111.87
2025-10-13 13:41:44,14.61615,77.61316,NH 42,True,0.044,160.636,93.273,111.93
2025-10-13 13:41:45,14.61814,77.61838,Bangalore Rd,True,0.538,161.175,93.811,112.57
2025-10-13 13:41:46,14.62457,77.62293,JJGF+25G,True,0.075,161.249,93.886,112.66
2025-10-13 13:41:48,14.63839,77.62168,JJQC+HQ5,True,1.535,162.784,95.421,114.5
2025-10-13 13:41:49,14.64543,77.61949,JJW9+6VX,True,0.492,163.276,95.913,115.1
2025-10-13 13:41:51,14.65863,77.61482,28-3-538-3,True,1.545,164.821,97.457,116.95
2025-10-13 13:41:53,14.66953,77.61088,28-1-141,True,1.278,166.099,98.736,118.48
2025-10-13 13:41:54,14.67098,77.61211,MJC6+CP3,True,0.005,166.104,98.74,118.49
2025-10-13 13:41:56,14.67553,77.61103,27-301,True,0.024,166.128,98.765,118.52
2025-10-13 13:41:57,14.67938,77.61065,20-413,True,0.0,166.129,98.765,118.52
2025-10-13 13:41:59,14.68164,77.61237,MJJ6+HXG,True,0.0,166.129,98.765,118.52
2025-10-13 13:42:00,14.68518,77.62162,BKS Katta Rd,True,0.106,166.235,98.871,118.65
2025-10-13 13:42:02,14.68605,77.62573,MJPG+F6F,True,0.0,166.235,98.871,118.65
2025-10-13 13:42:03,14.68814,77.6281,MJQH+75P,True,0.033,166.268,98.904,118.69
2025-10-13 13:42:05,14.68973,77.63234,MJQJ+RPF,True,0.0,166.268,98.905,118.69
2025-10-13 13:42:06,14.69248,77.634,MJRM+XM7,True,0.0,166.268,98.905,118.69
2025-10-13 13:42:07,14.69234,77.63584,MJRP+V8F,True,0.0,166.268,98.905,118.69
2025-10-13 13:42:09,14.69545,77.63828,SH 30,True,0.055,166.324,98.96,118.75
2025-10-13 13:42:10,14.6993,77.63897,PJ2Q+7M Sathya Narayana Farms,True,0.019,166.343,98.979,118.78
2025-10-13 13:42:11,14.70482,77.64066,Anantapur - Tadipatri - Guntur Hwy,True,0.637,166.98,99.617,119.54
2025-10-13 13:42:13,14.71418,77.64427,PJ7V+8RV Paritala Dharma's Garden near Central university,True,0.012,166.992,99.628,119.55
2025-10-13 13:42:14,14.72101,77.65171,NH 544F,True,0.007,166.999,99.635,119.56
2025-10-13 13:42:16,14.72265,77.65863,PMC5+P88,True,0.102,167.101,99.737,119.68
2025-10-13 13:42:18,14.72273,77.66322,Anantapur - Tadipatri - Guntur Hwy,True,0.494,167.595,100.231,120.28
2025-10-13 13:42:19,14.72457,77.66829,NH 544F,True,0.566,168.161,100.798,120.96
2025-10-13 13:42:20,14.73336,77.67547,Anantapur - Tadipatri - Guntur Hwy,True,0.014,168.175,100.812,120.97
2025-10-13 13:42:22,14.74133,77.68506,PMRM+HWG,True,1.358,169.533,102.17,122.6
2025-10-13 13:42:23,14.74677,77.69341,PMWV+RJV,True,0.123,169.656,102.293,122.75
2025-10-13 13:42:24,14.75691,77.70355,QP43+HGJ,True,0.073,169.73,102.366,122.84
2025-10-13 13:42:26,14.76637,77.7132,Anantapur - Tadipatri - Guntur Hwy,True,0.675,170.404,103.041,123.65
2025-10-13 13:42:27,14.77629,77.71519,Anantapur - Tadipatri Hwy,True,1.054,171.458,104.094,124.91
2025-10-13 13:42:28,14.7805,77.7166,QPJ8+CV,True,0.49,171.947,104.584,125.5
2025-10-13 13:42:30,14.78116,77.71947,5-53,True,0.0,171.948,104.584,125.5
2025-10-13 13:42:31,14.77945,77.728,SH 30,True,0.697,172.644,105.281,126.34
2025-10-13 13:42:32,14.77523,77.74129,QPFR+XH3 AdinarayanaReddy's Garden,True,0.24,172.885,105.521,126.63
2025-10-13 13:42:34,14.7742,77.74998,Anantapur - Tadipatri - Guntur Hwy,True,0.73,173.615,106.251,127.5
2025-10-13 13:42:36,14.77477,77.7591,Anantapur - Tadipatri - Guntur Hwy,True,0.984,174.599,107.235,128.68
2025-10-13 13:42:37,14.78481,77.77436,Anantapur - Tadipatri - Guntur Hwy,True,1.983,176.582,109.218,131.06
2025-10-13 13:42:39,14.79965,77.80638,156,True,3.818,180.4,113.036,135.64
2025-10-13 13:42:40,14.80052,77.81421,RR27+7PC,True,0.55,180.95,113.586,136.3
2025-10-13 13:42:41,14.80274,77.82133,Anantapur - Tadipatri Hwy,True,0.644,181.594,114.23,137.08
2025-10-13 13:42:43,14.80465,77.82663,RR3G+XH8,True,0.608,182.202,114.839,137.81
2025-10-13 13:42:44,14.81065,77.83336,RR6M+78 Joolakalva,True,0.032,182.235,114.871,137.85
2025-10-13 13:42:46,14.81542,77.83441,Anantapur - Tadipatri - Guntur Hwy,True,0.021,182.256,114.892,137.87
2025-10-13 13:42:47,14.81808,77.83495,Tadipatri - Bangalore Rd,True,0.0,182.256,114.892,137.87
2025-10-13 13:42:49,14.81941,77.83675,Tadipatri - Bangalore Rd,True,0.019,182.275,114.912,137.89
2025-10-13 13:42:50,14.81999,77.8422,Anantapur - Tadipatri - Guntur Hwy,True,0.026,182.301,114.938,137.93
2025-10-13 13:42:51,14.82182,77.84398,Anantapur - Tadipatri - Guntur Hwy,True,0.012,182.314,114.95,137.94
2025-10-13 13:42:53,14.82453,77.84479,Tadipatri - Bangalore Rd,True,0.0,182.314,114.95,137.94
2025-10-13 13:42:54,14.82793,77.84497,Anantapur - Tadipatri - Guntur Hwy,True,0.0,182.314,114.95,137.94
2025-10-13 13:42:56,14.83023,77.8475,Tadipatri - Bangalore Rd,True,0.016,182.33,114.967,137.96
2025-10-13 13:42:57,14.83405,77.84937,Anantapur - Tadipatri - Guntur Hwy,True,0.017,182.347,114.984,137.98
2025-10-13 13:42:59,14.83697,77.85259,Anantapur - Tadipatri - Guntur Hwy,True,0.474,182.821,115.458,138.55
2025-10-13 13:43:00,14.84035,77.85936,Anantapur - Tadipatri - Guntur Hwy,True,0.066,182.887,115.523,138.63
2025-10-13 13:43:03,14.84356,77.86661,Anantapur - Tadipatri - Guntur Hwy,True,0.024,182.911,115.547,138.66
2025-10-13 13:43:04,14.85347,77.88574,Tadipatri - Dharmavaram Rd,True,2.333,185.243,117.88,141.46
2025-10-13 13:43:06,14.86132,77.89971,Anantapur - Tadipatri - Guntur Hwy,True,1.736,186.979,119.616,143.54
2025-10-13 13:43:07,14.86551,77.90573,VW84+8FJ,True,0.12,187.1,119.736,143.68
2025-10-13 13:43:08,14.86777,77.91172,VW86+V83,True,0.52,187.62,120.256,144.31
2025-10-13 13:43:10,14.87537,77.92426,Anantapur - Tadipatri - Guntur Hwy,True,1.59,189.21,121.846,146.22
2025-10-13 13:43:11,14.88241,77.93409,VWJM+XJJ,True,0.706,189.916,122.552,147.06
2025-10-13 13:43:13,14.89315,77.95038,VXV2+85C,True,2.118,192.033,124.67,149.6
2025-10-13 13:43:15,14.89874,77.96509,Tadipatri - Bangalore Rd,True,0.969,193.002,125.638,150.77
2025-10-13 13:43:16,14.90436,77.98072,WX3J+QQ,True,1.793,194.795,127.431,152.92
2025-10-13 13:43:18,14.90922,77.98469,D4,True,0.571,195.365,128.002,153.6
2025-10-13 13:43:20,14.91042,78.00165,12/535-1,True,1.83,197.195,129.831,155.8
2025-10-13 13:43:22,14.9091,78.0092,12/190,True,0.06,197.255,129.892,155.87
2025-10-14 11:23:24,12.8997,77.48269,14,False,0.0,0.0,0.0,0.0
2025-10-14 11:23:29,12.89965,77.48496,VFXM+VWQ,True,0.008,0.008,0.008,0.01
2025-10-14 11:23:31,12.89943,77.48614,VFXP+QC2,False,0.019,0.027,0.008,0.01
2025-10-14 11:23:32,12.89838,77.48723,11A,False,0.042,0.068,0.008,0.01
2025-10-14 11:23:34,12.89633,77.48702,1,False,0.057,0.125,0.008,0.01
2025-10-14 11:23:35,12.89281,77.4864,971,True,0.01,0.136,0.019,0.02
2025-10-14 11:23:36,12.88951,77.49252,924,True,0.538,0.674,0.557,0.67
2025-10-14 11:23:38,12.88448,77.50135,Block 7,True,0.005,0.678,0.561,0.67
2025-10-14 11:23:39,12.88904,77.51009,NICE Bangalore - Mysore Expy,False,0.918,1.596,0.561,0.67
2025-10-14 11:23:41,12.89856,77.51866,716,False,0.608,2.204,0.561,0.67
2025-10-14 11:23:42,12.9037,77.52521,# 22 Sunku Arcade Dr.Vishnuvardhana Main Road near Nice Road Bridge Uttarahalli R R 560098,True,0.651,2.856,1.213,1.46
2025-10-14 11:23:44,12.90979,77.52924,78,True,0.53,3.386,1.743,2.09
2025-10-14 11:23:45,12.91816,77.53171,7,False,0.483,3.869,1.743,2.09
2025-10-14 11:23:46,12.93993,77.53147,WGQJ+PF8,False,2.408,6.277,1.743,2.09
2025-10-14 11:23:48,12.9438,77.53016,Nayandahalli Junction,False,0.122,6.399,1.743,2.09
2025-10-14 11:23:49,12.94562,77.52756,60,False,0.004,6.403,1.743,2.09
2025-10-14 11:23:51,12.94936,77.52279,Nagarabavi to Nayandahalli sirvice,True,0.032,6.435,1.774,2.13
2025-10-14 11:23:52,12.9539,77.51979,103,False,0.49,6.924,1.774,2.13
2025-10-14 11:23:53,12.95676,77.51947,235,False,0.0,6.925,1.774,2.13
2025-10-14 11:23:55,12.95928,77.51634,Sri Raksha,True,0.022,6.947,1.796,2.16
2025-10-14 11:23:56,12.96188,77.51246,553,False,0.032,6.978,1.796,2.16
2025-10-14 11:23:57,12.97296,77.51298,11,False,1.057,8.036,1.796,2.16
2025-10-14 11:23:59,12.9832,77.51823,XGM9+33P,False,1.268,9.304,1.796,2.16
2025-10-14 11:24:00,12.99743,77.52335,Chowdeshwari Nagar Bus Stop,True,1.669,10.973,3.466,4.16
2025-10-14 11:24:02,13.00418,77.52648,93,False,0.112,11.086,3.466,4.16
2025-10-14 11:24:03,13.00858,77.5267,Laggere Bridge,False,0.487,11.573,3.466,4.16
2025-10-14 11:24:04,13.01483,77.53059,Nandhini Layout,False,0.073,11.646,3.466,4.16
2025-10-14 11:24:06,13.02645,77.5349,Guraguntapalya,False,1.368,13.014,3.466,4.16
2025-10-14 11:24:07,13.0305,77.53724,2GJP+5WG,True,0.052,13.065,3.518,4.22
2025-10-14 11:24:08,13.02914,77.53994,B-6,True,0.004,13.069,3.521,4.23
2025-10-14 11:24:10,13.03854,77.5421,Mangalore - Villupuram Rd,False,0.092,13.161,3.521,4.23
2025-10-14 11:24:11,13.04128,77.5461,#11,True,0.015,13.176,3.536,4.24
2025-10-14 11:24:13,13.04321,77.55174,409/4,False,0.032,13.208,3.536,4.24
2025-10-14 11:24:15,13.04376,77.55777,BEL Circle,False,0.55,13.758,3.536,4.24
2025-10-14 11:24:16,13.04435,77.56225,2HV6+MRX,False,0.49,14.248,3.536,4.24
2025-10-14 11:24:18,13.04698,77.56863,Devinagar BEL Circle,True,0.54,14.788,4.076,4.89
2025-10-14 11:24:20,13.04753,77.57636,2HXG+2HR,False,0.064,14.852,4.076,4.89
2025-10-14 11:24:21,13.04732,77.57965,2HWJ+V3X,False,0.01,14.862,4.076,4.89
2025-10-14 11:24:23,13.04353,77.58485,Hebbal Lake Ring Road Fit Bel Circle,False,0.517,15.379,4.076,4.89
2025-10-14 11:24:25,13.04269,77.58852,Range Office,False,0.011,15.39,4.076,4.89
2025-10-14 11:24:26,13.04479,77.5907,2HVR+Q6,False,0.0,15.39,4.076,4.89
2025-10-14 11:24:28,13.05129,77.59314,3H2V+43W,False,0.046,15.437,4.076,4.89
2025-10-14 11:25:23,13.15986,77.63625,Venkateshwara College,True,0.0,0.0,0.0,0.0
2025-10-14 11:25:25,13.1603,77.63141,5J6J+6J6,False,0.027,0.027,0.0,0.0
2025-10-14 11:25:26,13.16179,77.62693,5J6G+PPX,True,0.024,0.051,0.024,0.03
2025-10-14 11:25:28,13.17466,77.63409,5JFM+M95,True,1.622,1.672,1.645,1.97
2025-10-14 11:25:29,13.19296,77.64861,5JVW+8WF,False,2.564,4.237,1.645,1.97
2025-10-14 11:25:30,13.20342,77.66473,6M37+FRW,False,2.096,6.333,1.645,1.97
2025-10-14 11:25:32,13.21568,77.67678,6M8G+6PP KSIIDC Access Flyover,True,1.883,8.216,3.528,4.23
2025-10-14 11:25:33,13.24204,77.70344,Devanahalli Bypass NH-7,True,4.105,12.321,7.634,9.16
2025-10-14 11:25:35,13.25133,77.70713,7P25+82W,False,0.639,12.96,7.634,9.16
2025-10-14 11:25:36,13.25602,77.71027,7P46+F23,False,0.621,13.58,7.634,9.16
2025-10-14 11:25:38,13.25703,77.7174,1,False,0.051,13.631,7.634,9.16
2025-10-14 11:25:39,13.25688,77.72538,7P4G+J5J,False,0.074,13.705,7.634,9.16
2025-10-14 11:25:41,13.26105,77.73228,7P6J+GVM,False,0.087,13.792,7.634,9.16
2025-10-14 11:25:42,13.27293,77.75128,SH 96,True,2.443,16.234,10.076,12.09
2025-10-14 11:25:44,13.28264,77.76684,SH 96,True,1.999,18.234,12.076,14.49
2025-10-14 11:25:45,13.28823,77.77579,7QQG+9QX Apranje Elite Grandeur,False,0.965,19.199,12.076,14.49
2025-10-14 11:25:47,13.28922,77.78398,7QQM+HPH,False,0.605,19.804,12.076,14.49
2025-10-14 11:25:48,13.2855,77.79746,Vijayapura Bypass Road,False,1.518,21.322,12.076,14.49
2025-10-14 11:25:50,13.28264,77.80937,7RJ5+W9,False,1.329,22.65,12.076,14.49
2025-10-14 11:25:51,13.27826,77.82297,7RHC+9WV,True,1.551,24.202,13.627,16.35
2025-10-14 11:25:53,13.26933,77.85369,7V93+QJC,False,3.473,27.674,13.627,16.35
2025-10-14 11:25:54,13.26284,77.86233,7V76+7PP,False,1.18,28.854,13.627,16.35
2025-10-14 11:25:55,13.26173,77.86801,Chikkaballapura Rd,False,0.088,28.942,13.627,16.35
2025-10-14 11:25:57,13.258,77.88909,7V5Q+89X,False,2.321,31.264,13.627,16.35
2025-10-14 11:25:58,13.25014,77.9137,Kolar-Chikkaballapur Rd,False,2.805,34.069,13.627,16.35
2025-10-14 11:26:00,13.24405,77.92732,6WVG+PV4,False,1.623,35.692,13.627,16.35
2025-10-14 11:26:01,13.24385,77.93121,56,False,0.422,36.114,13.627,16.35
2025-10-14 11:26:02,13.2467,77.93355,6WWM+PMR,False,0.077,36.191,13.627,16.35
2025-10-14 11:26:04,13.25527,77.94045,Survey Nos. 61,True,0.015,36.206,13.642,16.37
2025-10-14 11:26:05,13.27466,77.95242,Hoskote - Chintamani Rd,False,2.507,38.713,13.642,16.37
2025-10-14 11:26:07,13.31632,77.98099,8X8J+M8X,False,5.552,44.265,13.642,16.37
2025-10-14 11:26:08,13.32326,77.98327,8XFM+78,False,0.706,44.971,13.642,16.37
2025-10-14 11:26:10,13.3249,77.98962,8XGR+742,False,0.711,45.683,13.642,16.37
2025-10-14 11:26:11,13.33811,78.00697,82Q4+HPR,False,2.381,48.064,13.642,16.37
2025-10-14 11:26:13,13.35543,78.03272,924M+634,False,3.384,51.448,13.642,16.37
2025-10-14 11:26:14,13.3755,78.0693,SH 82,True,4.542,55.99,18.185,21.82
2025-10-14 11:26:15,13.38178,78.08045,93JH+FG4,False,0.093,56.083,18.185,21.82
2025-10-14 11:26:17,13.38783,78.10136,Bangalore Main Rd,False,2.362,58.445,18.185,21.82
2025-10-14 11:26:18,13.41179,78.15189,C562+QJR,False,6.081,64.526,18.185,21.82
2025-10-14 11:26:20,13.43621,78.20346,2,False,6.204,70.73,18.185,21.82
2025-10-14 11:26:21,13.43488,78.21038,Tadigallu cross,False,0.057,70.787,18.185,21.82
2025-10-14 11:26:23,13.43837,78.21817,Bangalore Main Rd,False,0.058,70.845,18.185,21.82
2025-10-14 11:26:24,13.44024,78.22531,C6RG+34 Marepalli,False,0.008,70.853,18.185,21.82
2025-10-14 11:26:26,13.4425,78.23269,Kadapa - Bengaluru Hwy,False,0.837,71.69,18.185,21.82
2025-10-14 11:26:27,13.44584,78.23805,Kadapa - Bengaluru Hwy,False,0.021,71.711,18.185,21.82
2025-10-14 11:26:29,13.44714,78.24538,C6XV+6QX,False,0.046,71.757,18.185,21.82
2025-10-14 11:26:30,13.44661,78.24959,Kadapa - Bengaluru Hwy,True,0.055,71.812,18.24,21.89
2025-10-14 11:26:32,13.44937,78.25361,Kadapa - Bengaluru Hwy,True,0.532,72.344,18.771,22.53
2025-10-14 11:26:33,13.45448,78.25784,Kadapa - Bengaluru Hwy,True,0.596,72.941,19.368,23.24
2025-10-14 11:26:34,13.45696,78.26243,F746+RV8,True,0.489,73.43,19.857,23.83
2025-10-14 11:26:36,13.45916,78.26552,Kadapa - Bengaluru Hwy,True,0.036,73.466,19.893,23.87
2025-10-14 11:26:37,13.45939,78.27064,17,True,0.555,74.021,20.448,24.54
2025-10-14 11:26:38,13.46246,78.28513,F76M+WQ5,False,1.605,75.626,20.448,24.54
2025-10-14 11:26:40,13.47168,78.29073,SH 82,True,0.078,75.704,20.526,24.63
2025-10-14 11:26:41,13.47745,78.29579,F7HW+26J,False,0.019,75.724,20.526,24.63
2025-10-14 11:26:43,13.4871,78.31113,SH 82,True,1.974,77.698,22.501,27.0
2025-10-14 11:26:45,13.49354,78.32086,SH 82,True,1.272,78.97,23.772,28.53
2025-10-14 11:26:46,13.5036,78.33242,G83J+CP3,False,0.066,79.036,23.772,28.53
2025-10-14 11:26:48,13.51559,78.33913,SH 82,True,0.012,79.047,23.784,28.54
2025-10-14 11:26:49,13.5272,78.34391,SH 82,True,1.385,80.432,25.169,30.2
2025-10-14 11:26:50,13.53278,78.35241,SH 82,True,0.021,80.453,25.19,30.23
2025-10-14 11:26:52,13.53143,78.35645,G9J4+HR,False,0.004,80.457,25.19,30.23
2025-10-14 11:26:54,13.53326,78.36093,SH 82,True,0.526,80.982,25.715,30.86
2025-10-14 11:26:55,13.53551,78.37694,Kadapa - Bengaluru Hwy,False,0.033,81.015,25.715,30.86
2025-10-14 11:26:57,13.53866,78.38759,Madanapalle Bangalor Rd,True,0.1,81.115,25.815,30.98
2025-10-14 11:26:58,13.5429,78.40299,Madanapalle Bangalor Rd,True,1.732,82.846,27.547,33.06
2025-10-14 11:27:00,13.54273,78.41586,GCV8+2FF,True,1.393,84.24,28.94,34.73
2025-10-14 11:27:01,13.5422,78.42105,Kadapa - Bengaluru Hwy,True,0.479,84.719,29.42,35.3
2025-10-14 11:27:02,13.54369,78.42626,GCVG+9F5,True,0.015,84.734,29.434,35.32
2025-10-14 11:27:04,13.54519,78.44386,Madanapalle Bangalor Rd,True,1.912,86.646,31.346,37.62
2025-10-14 11:27:05,13.54965,78.46058,742,True,1.876,88.522,33.222,39.87
2025-10-14 11:27:06,13.54916,78.46777,GFX8+WWP,True,0.009,88.531,33.232,39.88
2025-10-14 11:27:08,13.55133,78.47866,HF2H+GF,True,1.203,89.734,34.434,41.32
2025-10-14 11:27:09,13.55426,78.489,HF3Q+MMJ,True,1.165,90.899,35.6,42.72
2025-10-14 11:27:11,13.55617,78.50099,866,True,1.315,92.215,36.915,44.3
2025-10-14 11:27:12,13.56021,78.49872,Shop No 4,True,0.038,92.252,36.953,44.34
2025-10-14 11:27:14,13.56898,78.49962,HF9X+JWX,True,0.043,92.295,36.996,44.39
2025-10-14 11:27:15,13.57614,78.50035,HGG2+F62,True,0.471,92.766,37.466,44.96
2025-10-14 11:27:16,13.58208,78.49618,3/146-14-6-90-134/A,True,0.034,92.799,37.5,45.0
2025-10-14 11:27:18,13.59649,78.49482,HFWV+9V5,True,1.601,94.401,39.101,46.92
2025-10-14 11:27:19,13.60438,78.4913,JF3R+CFP,True,0.024,94.424,39.125,46.95
2025-10-14 11:27:21,13.61337,78.48996,JF7Q+CM,True,0.037,94.462,39.162,46.99
2025-10-14 11:27:22,13.62327,78.4938,Chennai - Anantapur Hwy,True,0.065,94.526,39.227,47.07
2025-10-14 11:27:23,13.63276,78.49411,JFMV+FPF,True,0.027,94.553,39.253,47.1
2025-10-14 11:27:25,13.63733,78.48712,JFPP+GGM,True,0.91,95.463,40.163,48.2
2025-10-14 11:27:26,13.63828,78.48338,NH 42,True,0.06,95.523,40.223,48.27
2025-10-14 11:27:28,13.63779,78.48491,JFQM+4X Thumma Chetla Palle,True,0.0,95.523,40.223,48.27
2025-10-14 11:27:29,13.63807,78.48698,Veeraballi - Gadikota - Edigapalli Rd,True,0.031,95.553,40.254,48.3
2025-10-14 11:27:31,13.64159,78.48773,Kadapa - Bengaluru Hwy,True,0.001,95.554,40.254,48.31
2025-10-14 11:27:32,13.65153,78.49051,NH340,True,1.14,96.694,41.395,49.67
2025-10-14 11:27:34,13.65694,78.48911,Kadapa - Bengaluru Hwy,True,0.64,97.334,42.034,50.44
2025-10-14 11:27:35,13.66549,78.4893,Kadapa - Bengaluru Hwy,True,0.031,97.365,42.066,50.48
2025-10-14 11:27:37,13.66926,78.48972,Kadapa - Bengaluru Hwy,True,0.022,97.387,42.088,50.51
2025-10-14 11:27:38,13.67037,78.49188,NH340,True,0.039,97.426,42.127,50.55
2025-10-14 11:27:39,13.67317,78.49629,Kadapa - Bengaluru Hwy,True,0.015,97.442,42.142,50.57
2025-10-14 11:27:41,13.67847,78.49672,Kadapa - Bengaluru Hwy,True,0.582,98.023,42.724,51.27
2025-10-14 11:27:43,13.68351,78.49927,Kadapa - Bengaluru Hwy,True,0.622,98.645,43.346,52.02
2025-10-14 11:27:45,13.68659,78.50429,MGP4+P4Q,True,0.641,99.286,43.987,52.78
2025-10-14 11:27:47,13.6901,78.51376,MGR7+8Q,True,0.892,100.179,44.879,53.86
2025-10-14 11:27:48,13.69698,78.51827,Kadapa - Bengaluru Hwy,True,0.624,100.803,45.503,54.6
2025-10-14 11:27:50,13.70312,78.51942,Kadapa - Bengaluru Hwy,True,0.024,100.826,45.527,54.63
2025-10-14 11:27:51,13.71361,78.52878,Kadapa - Bengaluru Hwy,True,1.54,102.367,47.067,56.48
2025-10-14 11:27:53,13.7202,78.53523,Kadapa - Bengaluru Hwy,True,0.042,102.408,47.109,56.53
2025-10-14 11:27:54,13.72643,78.53658,Kadapa - Bengaluru Hwy,True,0.029,102.438,47.138,56.57
2025-10-14 11:27:55,13.73986,78.5433,NH340,True,1.654,104.091,48.792,58.55
2025-10-14 11:27:57,13.75263,78.55544,NH340,True,1.929,106.02,50.721,60.87
2025-10-14 11:27:58,13.7629,78.57442,Veeraballi - Gadikota - Edigapalli Rd,True,2.346,108.366,53.067,63.68
2025-10-14 11:28:00,13.76712,78.57887,Veeraballi - Gadikota - Edigapalli Rd,True,0.015,108.382,53.082,63.7
2025-10-14 11:28:01,13.77284,78.58374,Main Bazar,True,0.481,108.863,53.563,64.28
2025-10-14 11:28:02,13.7776,78.58531,QHHP+63W,True,0.553,109.416,54.117,64.94
2025-10-14 11:28:04,13.78165,78.58932,977,True,0.03,109.447,54.147,64.98
2025-10-14 11:28:06,13.78733,78.59401,Gurramkonda,True,0.007,109.453,54.154,64.98
2025-10-14 11:28:07,13.79864,78.60596,NH340,True,1.799,111.252,55.953,67.14
2025-10-14 11:28:09,13.80815,78.62631,NH340,True,2.439,113.691,58.392,70.07
2025-10-14 11:28:10,13.81296,78.63083,RJ7J+9P9,True,0.677,114.368,59.068,70.88
2025-10-14 11:28:11,13.822,78.63384,Kadapa - Bengaluru Hwy,True,0.063,114.431,59.131,70.96
2025-10-14 11:28:13,13.83856,78.65241,Kadapa - Bengaluru Hwy,True,2.718,117.149,61.849,74.22
2025-10-14 11:28:14,13.8412,78.65614,Cherlopalle Post,True,0.013,117.162,61.862,74.23
2025-10-14 11:28:16,13.84597,78.65737,Kadapa - Bengaluru Hwy,True,0.512,117.673,62.374,74.85
2025-10-14 11:28:17,13.85233,78.65483,Kadapa - Bengaluru Hwy,True,0.002,117.675,62.376,74.85
2025-10-14 11:28:19,13.85701,78.65528,1-1,True,0.014,117.69,62.39,74.87
2025-10-14 11:28:20,13.87026,78.65113,Kadapa - Bengaluru Hwy,True,1.533,119.223,63.923,76.71
2025-10-14 11:28:22,13.88144,78.64692,Veeraballi - Gadikota - Edigapalli Rd,True,0.977,120.199,64.9,77.88
2025-10-14 11:28:23,13.88617,78.6466,VJPW+MPJ,True,0.0,120.199,64.9,77.88
2025-10-14 11:28:25,13.89354,78.6517,Veeraballi - Gadikota - Edigapalli Rd,True,0.524,120.723,65.424,78.51
2025-10-14 11:28:27,13.90313,78.6575,WM35+72V,False,0.386,121.11,65.424,78.51
2025-10-14 11:28:28,13.91144,78.66333,NH340,True,0.881,121.991,66.305,79.57
2025-10-14 11:28:29,13.91725,78.67392,Veeraballi - Gadikota - Edigapalli Rd,True,1.313,123.304,67.618,81.14
2025-10-14 11:28:31,13.92523,78.68059,WMGJ+H8V,True,0.068,123.372,67.686,81.22
2025-10-14 11:28:32,13.93116,78.68165,Mayana Fayaz Ali Khan,True,0.666,124.038,68.352,82.02
2025-10-14 11:28:34,13.93969,78.68394,WMQM+VG7,True,0.051,124.09,68.404,82.08
2025-10-14 11:28:35,13.95378,78.69226,Kadapa - Bengaluru Hwy,True,1.8,125.889,70.203,84.24
2025-10-14 11:28:37,13.97143,78.69809,Kadapa - Bengaluru Hwy,True,2.052,127.941,72.255,86.71
2025-10-14 11:28:38,13.98013,78.70362,Kadapa - Bengaluru Hwy,True,0.026,127.967,72.281,86.74
2025-10-14 11:28:40,13.99238,78.70639,XPR4+FPC,True,1.388,129.355,73.669,88.4
2025-10-14 11:28:41,13.99857,78.70719,Kadapa - Bengaluru Hwy,True,0.031,129.386,73.7,88.44
2025-10-14 11:28:42,14.00975,78.71217,Kadapa - Bengaluru Hwy,True,0.687,130.073,74.387,89.26
2025-10-14 11:28:44,14.02606,78.7297,2PGH+6V,True,2.616,132.689,77.003,92.4
2025-10-14 11:28:45,14.02855,78.73021,2PHH+5VG,True,0.019,132.708,77.022,92.43
2025-10-14 11:28:47,14.03096,78.73439,Kadapa - Bengaluru Hwy,True,0.524,133.232,77.546,93.06
2025-10-14 11:28:48,14.03412,78.73625,2PMP+CJ6,True,0.051,133.284,77.598,93.12
2025-10-14 11:28:49,14.03938,78.73668,D-218,True,0.513,133.797,78.111,93.73
2025-10-14 11:28:51,14.04528,78.73436,Rayachoti Bypass Ring Rd,True,0.029,133.826,78.14,93.77
2025-10-14 11:28:52,14.05439,78.73285,Beside Andhra Spice Restaurant ,True,0.024,133.85,78.164,93.8
2025-10-14 11:28:54,14.05496,78.7327,3P4M+324,True,0.003,133.853,78.167,93.8
2025-10-14 11:28:56,14.06054,78.73175,NH40,True,0.059,133.912,78.226,93.87
2025-10-14 11:28:57,14.06946,78.73616,PARVATHI PURAM 2 NEAR DURGAMMA TEMPLE,True,0.499,134.411,78.725,94.47
2025-10-14 11:28:59,14.09071,78.74825,85/122,True,2.689,137.1,81.414,97.7
2025-10-14 11:29:00,14.0923,78.75539,3QV4+235,True,0.104,137.204,81.519,97.82
2025-10-14 11:29:02,14.0975,78.75655,3QX4+7FQ,True,0.013,137.217,81.531,97.84
2025-10-14 11:29:04,14.11757,78.75875,4Q95+5F6,True,2.233,139.45,83.765,100.52
2025-10-14 11:29:05,14.14551,78.75346,Kadapa - Chittoor Hwy,True,3.144,142.594,86.908,104.29
2025-10-14 11:29:07,14.18426,78.75432,Kadapa Rd,True,4.288,146.883,91.197,109.44
2025-10-14 11:29:09,14.21575,78.75045,6Q82+755,True,3.509,150.392,94.706,113.65
2025-10-14 11:29:10,14.28208,78.74718,Kadapa - Bengaluru Hwy,True,7.347,157.739,102.053,122.46
2025-10-14 11:29:12,14.29202,78.75129,7QR2+VF6,True,1.186,158.925,103.239,123.89
2025-10-14 11:29:13,14.2989,78.75734,Kadapa - Bengaluru Hwy,True,0.064,158.989,103.303,123.96
2025-10-14 11:29:15,14.30364,78.76072,Kadapa - Chittoor Hwy,True,0.547,159.537,103.851,124.62
2025-10-14 11:29:16,14.30241,78.76128,Kadapa - Chittoor Hwy,True,0.116,159.653,103.967,124.76
2025-10-14 11:29:18,14.31152,78.76393,Kurnool - Chittoor Nat'l Hwy,True,0.46,160.113,104.427,125.31
2025-10-14 11:29:19,14.31389,78.76227,Kurnool - Chittoor Nat'l Hwy,True,0.004,160.117,104.431,125.32
2025-10-14 11:29:21,14.31607,78.7689,Kadapa - Bengaluru Hwy,True,0.029,160.146,104.46,125.35
2025-10-14 11:29:22,14.31663,78.77077,8Q8C+J9,True,0.004,160.15,104.464,125.36
2025-10-14 11:29:24,14.31791,78.76848,Kadapa - Bengaluru Hwy,True,0.032,160.182,104.496,125.4
2025-10-14 11:29:26,14.3213,78.76905,Kadapa - Bengaluru Hwy,True,0.0,160.182,104.496,125.4
2025-10-14 11:29:27,14.32212,78.76887,8QF9+25R Kadapa- Rayachoti Ghat road,True,0.002,160.185,104.499,125.4
2025-10-14 11:29:29,14.32041,78.77275,8QCF+24C,True,0.038,160.223,104.537,125.44
2025-10-14 11:29:30,14.32226,78.77178,Kadapa - Bengaluru Hwy,True,0.0,160.223,104.537,125.44
2025-10-14 11:29:32,14.32601,78.77296,Kadapa - Bengaluru Hwy,True,0.049,160.272,104.587,125.5
2025-10-14 11:29:33,14.33725,78.77717,Kadapa - Bengaluru Hwy,True,1.324,161.596,105.91,127.09
2025-10-14 11:29:35,14.34611,78.77808,Kadapa - Bengaluru Hwy,True,0.516,162.112,106.426,127.71
2025-10-14 11:29:36,14.35607,78.78031,9Q4H+8XV,True,0.043,162.156,106.47,127.76
2025-10-14 11:29:38,14.36341,78.7866,Kadapa - Bengaluru Hwy,True,0.035,162.191,106.505,127.81
2025-10-14 11:29:39,14.37326,78.79275,Kurnool - Chittoor Nat'l Hwy,True,1.276,163.467,107.781,129.34
2025-10-14 11:29:41,14.38901,78.79751,Kadapa - Bengaluru Hwy,True,1.817,165.283,109.597,131.52
2025-10-14 11:29:42,14.41849,78.80182,CR92+38X,True,3.295,168.578,112.892,135.47
2025-10-14 11:29:44,14.43014,78.80324,Jamal Palle - Kam Palle Rd,True,1.298,169.876,114.19,137.03
2025-10-14 11:29:45,14.43537,78.80325,97/271,True,0.025,169.901,114.215,137.06
2025-10-14 11:29:47,14.44182,78.8052,CRR4+JF4,True,0.04,169.941,114.255,137.11
2025-10-14 11:29:49,14.4444,78.80569,01,True,0.02,169.961,114.275,137.13
2025-10-14 11:29:50,14.44915,78.79804,Kurnool - Chittoor Nat'l Hwy,True,0.016,169.977,114.291,137.15
2025-10-14 11:29:51,14.45234,78.79342,NH40,True,0.048,170.025,114.339,137.21
2025-10-14 11:29:53,14.46161,78.78964,FQ7Q+3PX Under Railway Bridge,True,0.554,170.578,114.892,137.87
2025-10-14 11:29:55,14.47715,78.78331,FQGM+J8H,True,1.85,172.428,116.742,140.09
2025-10-14 11:29:56,14.48988,78.78426,Kadapa Rd,True,1.412,173.841,118.155,141.79
2025-10-14 11:29:58,14.50508,78.78951,82/35-2,True,1.775,175.615,119.929,143.91
2025-10-14 11:29:59,14.50873,78.79214,GQ5R+8VM,True,0.001,175.617,119.931,143.92
2025-10-14 11:30:00,14.52522,78.78886,112/106,True,1.858,177.475,121.789,146.15
2025-10-14 11:30:02,14.54135,78.79266,111/40,True,1.831,179.306,123.62,148.34
2025-10-14 11:30:04,14.55065,78.79667,HQ2W+WV4,True,0.098,179.404,123.718,148.46
2025-10-14 11:30:05,14.55874,78.79488,HQ5V+GQF,True,0.151,179.555,123.869,148.64
2025-10-14 11:30:06,14.57076,78.79194,Kurnool - Chittoor Nat'l Hwy,True,1.367,180.922,125.236,150.28
2025-10-14 11:30:08,14.58132,78.79707,NH40,True,0.784,181.706,126.02,151.22
2025-10-14 11:30:09,14.59558,78.79246,1,True,1.654,183.36,127.674,153.21
2025-10-14 11:30:10,14.6117,78.78632,JQ6P+RJ8,True,1.902,185.262,129.576,155.49
2025-10-14 11:30:12,14.62711,78.78256,JQGJ+MX,True,1.753,187.015,131.329,157.59
2025-10-14 11:30:13,14.64294,78.7773,JQRG+MWH,True,1.841,188.856,133.17,159.8
2025-10-14 11:30:15,14.64928,78.78167,JQXJ+X6V,True,0.121,188.977,133.291,159.95
2025-10-14 11:30:16,14.65447,78.77952,MQ3H+QR Pathur,True,0.44,189.417,133.731,160.48
2025-10-14 11:30:17,14.65666,78.7775,MQ4H+M22,True,0.033,189.45,133.764,160.52
2025-10-14 11:30:19,14.66272,78.77813,MQ6H+H88,True,0.674,190.124,134.438,161.33
2025-10-14 11:30:20,14.66689,78.77874,MQ8H+WG6,True,0.02,190.145,134.459,161.35
2025-10-14 11:30:22,14.67302,78.78354,Badvel Rd,True,0.549,190.693,135.008,162.01
2025-10-14 11:30:23,14.68649,78.79853,12,True,2.197,192.891,137.205,164.65
2025-10-14 11:30:24,14.69341,78.80308,SH 333,True,0.044,192.935,137.249,164.7
2025-10-14 11:30:26,14.69547,78.81082,SH 333,True,0.048,192.983,137.297,164.76
2025-10-14 11:30:27,14.70214,78.83819,Badvel Rd,True,3.039,196.022,140.336,168.4
2025-10-14 11:30:29,14.70747,78.85672,29,True,2.081,198.103,142.417,170.9
2025-10-14 11:30:30,14.70865,78.86905,SH 57,True,0.539,198.641,142.956,171.55
2025-10-14 11:30:32,14.70787,78.88368,SH 57,True,1.578,200.219,144.534,173.44
2025-10-14 11:30:33,14.70981,78.90002,280,True,1.773,201.992,146.306,175.57
2025-10-14 11:30:35,14.71359,78.92017,Mydukur - Badvel Rd,True,2.21,204.202,148.516,178.22
2025-10-14 11:30:36,14.71826,78.94161,PW9V+G2C,True,2.366,206.568,150.882,181.06
2025-10-14 11:30:38,14.71646,78.95573,SH 57,True,1.534,208.102,152.416,182.9
2025-10-14 11:30:39,14.71563,78.96564,SH 57,True,0.0,208.102,152.416,182.9
2025-10-14 11:30:41,14.71762,78.9742,PX9F+GQQ,True,0.013,208.115,152.429,182.91
2025-10-14 11:30:42,14.7211,79.00517,P2C4+P8J,True,3.357,211.472,155.786,186.94
2025-10-14 11:30:44,14.72566,79.03415,P2GM+6X6,True,3.161,214.633,158.947,190.74
2025-10-14 11:30:45,14.72942,79.03824,P2HQ+Q7 Badvel,True,0.009,214.642,158.957,190.75
2025-10-14 11:30:46,14.74258,79.04303,P2VV+26 Gunthapalle,True,1.545,216.187,160.501,192.6
2025-10-14 11:30:48,14.75253,79.05211,Q332+2R Gunthapalle,True,0.012,216.199,160.514,192.62
2025-10-14 11:30:49,14.75457,79.06133,Q336+RG Badvel,True,0.918,217.117,161.432,193.72
2025-10-14 11:30:51,14.74958,79.0749,P3XF+RX Madakalavaripalle,True,1.562,218.679,162.993,195.59
2025-10-14 11:30:52,14.7449,79.08934,SH 57,True,0.136,218.816,163.13,195.76
2025-10-14 11:30:54,14.73767,79.10774,SH 57,True,2.137,220.952,165.266,198.32
2025-10-14 11:30:55,14.72415,79.13359,SH 57,True,3.16,224.112,168.426,202.11
2025-10-14 11:30:57,14.69576,79.17096,SH 57,True,5.105,229.218,173.532,208.24
2025-10-14 11:30:58,14.69333,79.18309,SH 57,True,0.022,229.239,173.553,208.26
2025-10-14 11:31:00,14.692,79.19245,Duttalur Rd,True,0.666,229.905,174.219,209.06
2025-10-14 11:31:01,14.69389,79.20119,Duttalur Rd,True,0.625,230.53,174.845,209.81
2025-10-14 11:31:02,14.69937,79.20505,NH565,True,0.024,230.554,174.868,209.84
2025-10-14 11:31:04,14.71556,79.21902,P689+7GQ,True,2.339,232.893,177.208,212.65
2025-10-14 11:31:06,14.72527,79.22773,SH 54,True,1.426,234.32,178.634,214.36
2025-10-14 11:31:07,14.7461,79.24597,P6XW+6R,True,3.028,237.348,181.662,217.99
2025-10-14 11:31:09,14.7618,79.26968,NH565,True,3.088,240.436,184.75,221.7
2025-10-14 11:31:10,14.78003,79.3126,Duttalur Rd,True,5.042,245.478,189.792,227.75
2025-10-14 11:31:12,14.80039,79.34888,R82X+4G9,True,4.509,249.986,194.301,233.16
2025-10-14 11:31:13,14.82618,79.38849,Nellore Rd,True,5.131,255.117,199.431,239.32
2025-10-14 11:31:14,14.84116,79.40395,Nellore Rd,True,2.349,257.466,201.78,242.14
2025-10-14 11:31:16,14.8441,79.40526,RCV4+H34,True,0.0,257.466,201.78,242.14
2025-10-14 11:31:17,14.84492,79.40983,RCV5+XRH,True,0.5,257.966,202.28,242.74
2025-10-14 11:31:19,14.84932,79.42543,RCXG+F44,True,1.748,259.714,204.028,244.83
2025-10-14 11:31:20,14.85371,79.45287,Kavali Udayagiri Seetharamapuram Rd,True,2.993,262.707,207.021,248.43
2025-10-14 11:31:21,14.8589,79.48586,Kavali Udayagiri Seetharamapuram Rd,True,3.597,266.303,210.618,252.74
2025-10-14 11:31:23,14.85154,79.52338,Kavali Udayagiri Seetharamapuram Rd,True,4.119,270.423,214.737,257.68
2025-10-14 11:31:25,14.8406,79.56282,Kavali - Udayagiri Rd,True,4.414,274.837,219.151,262.98
2025-10-14 11:31:26,14.8388,79.56921,Kavali - Udayagiri Rd,True,0.044,274.881,219.195,263.03
2025-10-14 11:31:27,14.8416,79.57852,RHWX+FH,True,0.113,274.994,219.308,263.17
2025-10-14 11:31:29,14.84218,79.58114,RHRJ+WF7,True,0.002,274.995,219.309,263.17
2025-10-14 11:31:30,14.83344,79.57767,RHMH+83W,True,0.369,275.365,219.679,263.61
2025-10-14 11:31:32,14.83331,79.57762,RHMH+829,True,0.014,275.379,219.693,263.63
2025-10-14 11:58:01,13.15986,77.63625,Venkateshwara College,True,0.0,0.0,0.0,0.0
2025-10-14 11:58:05,13.1599,77.63621,Venkateshwara College,True,0.002,0.002,0.002,0.0
2025-10-14 11:58:07,13.15994,77.63622,Venkateshwara College,True,0.0,0.002,0.002,0.0
2025-10-14 11:58:08,13.15997,77.63625,Venkateshwara College,True,0.0,0.003,0.003,0.0
2025-10-14 11:58:10,13.15997,77.63627,Venkateshwara College,True,0.002,0.005,0.005,0.01
2025-10-14 11:58:12,13.16038,77.63625,Venkateshwara College,True,0.045,0.05,0.05,0.06
2025-10-14 11:58:14,13.1603,77.63553,5J6P+46V,False,0.007,0.057,0.05,0.06
2025-10-14 11:58:16,13.16018,77.63471,16,False,0.001,0.058,0.05,0.06
2025-10-14 11:58:18,13.16016,77.63456,16,False,0.016,0.074,0.05,0.06
2025-10-14 11:58:19,13.16017,77.6344,#97 Vidyanagar cross Betthalasur,False,0.0,0.074,0.05,0.06
2025-10-14 11:58:21,13.16018,77.63399,5J6M+3HH,False,0.024,0.098,0.05,0.06
2025-10-14 11:58:22,13.16026,77.6333,5J6M+3GC,False,0.008,0.106,0.05,0.06
2025-10-14 11:58:23,13.16035,77.63198,No 12,True,0.016,0.122,0.066,0.08
2025-10-14 11:58:25,13.16034,77.63169,5J6J+5J8,False,0.012,0.134,0.066,0.08
2025-10-14 11:58:26,13.1603,77.63141,5J6J+6J6,False,0.016,0.151,0.066,0.08
2025-10-14 11:58:28,13.16016,77.63099,280,False,0.0,0.151,0.066,0.08
2025-10-14 11:58:29,13.16,77.63062,5J5J+X3Q,False,0.02,0.171,0.066,0.08
2025-10-14 11:58:30,13.15992,77.63042,5J5J+X3Q,False,0.01,0.181,0.066,0.08
2025-10-14 11:58:32,13.15988,77.63018,5J5J+X3Q,False,0.015,0.195,0.066,0.08
2025-10-14 11:58:33,13.15985,77.62996,4H8H+G7J,False,0.008,0.204,0.066,0.08
2025-10-14 11:58:35,13.1599,77.62965,5J5H+XV2,False,0.017,0.221,0.066,0.08
2025-10-14 11:58:36,13.15995,77.62944,5J5H+XQG,False,0.023,0.243,0.066,0.08
2025-10-14 11:58:38,13.16013,77.62908,5J6H+2H9,False,0.0,0.244,0.066,0.08
2025-10-14 11:58:39,13.16032,77.6287,310,False,0.0,0.244,0.066,0.08
2025-10-14 11:58:40,13.16059,77.62814,5J6H+76H,False,0.011,0.255,0.066,0.08
2025-10-14 11:58:42,13.16117,77.62701,No 01 Vidyasagar Cross 1st Main Road Airport Road,False,0.033,0.288,0.066,0.08
2025-10-14 11:58:43,13.16133,77.62675,Vidyqnagar,False,0.0,0.289,0.066,0.08
2025-10-14 11:58:45,13.1614,77.62663,5J6G+HMV,False,0.0,0.289,0.066,0.08
2025-10-14 11:58:46,13.16145,77.62667,5J6G+HMV,False,0.007,0.296,0.066,0.08
2025-10-14 11:58:47,13.16152,77.62673,5J6G+HMV,False,0.01,0.306,0.066,0.08
2025-10-14 11:58:49,13.16179,77.62693,5J6G+PPX,True,0.016,0.322,0.082,0.1
2025-10-14 11:58:50,13.16307,77.62798,5J7G+9W4 Vidyanagar lake,False,0.105,0.427,0.082,0.1
2025-10-14 11:58:52,13.16384,77.62858,Plot No.28,False,0.038,0.465,0.082,0.1
2025-10-14 11:58:53,13.16521,77.62959,5J8H+5P4,True,0.021,0.486,0.103,0.12
2025-10-14 11:58:55,13.16558,77.62984,5J8H+5P4,True,0.012,0.498,0.114,0.14
2025-10-14 11:58:56,13.16626,77.6302,5J8J+C83,False,0.062,0.56,0.114,0.14
2025-10-14 11:58:58,13.16688,77.63049,Railway annayappa layout,False,0.029,0.589,0.114,0.14
2025-10-14 11:58:59,13.16805,77.63104,5J9J+798,False,0.049,0.638,0.114,0.14
2025-10-14 11:59:00,13.1707,77.63228,5JCJ+8VQ,True,0.0,0.638,0.115,0.14
2025-10-14 11:59:02,13.17159,77.6327,5JCJ+JX5,True,0.031,0.669,0.146,0.17
2025-10-14 11:59:03,13.17295,77.63329,Chikkajala,False,0.0,0.67,0.146,0.17
2025-10-14 11:59:05,13.17381,77.63365,5JFM+M95,True,0.0,0.67,0.146,0.17
2025-10-14 11:59:06,13.1742,77.63383,5JFM+M95,True,0.0,0.67,0.146,0.18
2025-10-14 11:59:08,13.17436,77.63392,5JFM+M95,True,0.0,0.67,0.146,0.18
2025-10-14 11:59:09,13.17466,77.63409,5JFM+M95,True,0.02,0.69,0.166,0.2
2025-10-14 11:59:10,13.17524,77.63453,12,False,0.002,0.692,0.166,0.2
2025-10-14 11:59:12,13.17549,77.63471,12,False,0.034,0.726,0.166,0.2
2025-10-14 11:59:13,13.17623,77.63532,5JGP+F4 Chikkajala,False,0.0,0.726,0.166,0.2
2025-10-14 11:59:18,13.17632,77.63557,Bellary Rd,False,0.013,0.739,0.166,0.2
2025-10-14 11:59:19,13.17812,77.63689,Bellary Rd,False,0.077,0.815,0.166,0.2
2025-10-14 11:59:23,13.1807,77.63875,5JJQ+72W,False,0.035,0.851,0.166,0.2
2025-10-14 11:59:26,13.18341,77.64072,5JMR+C49,False,0.0,0.851,0.166,0.2
2025-10-14 11:59:28,13.18476,77.64165,Meenakunte Hosuru,False,0.047,0.898,0.166,0.2
2025-10-14 11:59:30,13.18645,77.64287,ITC Factory,False,0.026,0.924,0.166,0.2
2025-10-14 11:59:31,13.19007,77.64551,5JRW+54F,False,0.492,1.417,0.166,0.2
2025-10-14 11:59:32,13.19036,77.64573,5JRW+655,False,0.036,1.453,0.166,0.2
2025-10-14 11:59:34,13.19083,77.64611,CVA Complex,False,0.047,1.5,0.166,0.2
2025-10-14 11:59:36,13.19111,77.64638,89,False,0.009,1.509,0.166,0.2
2025-10-14 11:59:38,13.19138,77.64666,Bengaluru - Airport (N),False,0.016,1.525,0.166,0.2
2025-10-14 11:59:39,13.19214,77.64752,5JVW+8WF,False,0.049,1.574,0.166,0.2
2025-10-14 11:59:41,13.19296,77.64861,5JVW+8WF,False,0.149,1.723,0.166,0.2
2025-10-14 11:59:43,13.19354,77.64941,Navayuga Toll,False,0.079,1.802,0.166,0.2
2025-10-14 11:59:44,13.19392,77.64998,Bangalore International Airport,False,0.047,1.849,0.166,0.2
2025-10-14 11:59:46,13.19431,77.65056,Bangalore International Airport,False,0.029,1.878,0.166,0.2
2025-10-14 11:59:47,13.19466,77.65117,5MV2+GC7,False,0.0,1.878,0.166,0.2
2025-10-14 11:59:49,13.19557,77.65258,Bellary Rd,False,0.0,1.878,0.166,0.2
2025-10-14 11:59:50,13.1961,77.65343,Bellary Rd,False,0.015,1.894,0.166,0.2
2025-10-14 11:59:51,13.19636,77.65388,Bellary Rd,False,0.0,1.894,0.166,0.2
2025-10-14 11:59:53,13.19709,77.65499,Trumpet (KIA),False,0.101,1.995,0.166,0.2
2025-10-14 11:59:54,13.19902,77.65786,Airport Trumpet,False,0.001,1.996,0.166,0.2
2025-10-14 11:59:56,13.19988,77.65919,5MX5+GW,False,0.104,2.1,0.166,0.2
2025-10-14 11:59:57,13.20046,77.66012,NH 7 Toll Booth,True,0.119,2.22,0.285,0.34
2025-10-14 12:27:09,13.15986,77.63625,Venkateshwara College,True,0.0,0.0,0.0,0.0
2025-10-14 12:27:14,13.1603,77.63141,5J6J+6J6,False,0.027,0.027,0.0,0.0
2025-10-14 12:27:16,13.16179,77.62693,5J6G+PPX,True,0.024,0.051,0.024,0.03
2025-10-14 12:27:17,13.17466,77.63409,5JFM+M95,True,1.622,1.672,1.645,1.97
2025-10-14 12:27:18,13.19296,77.64861,5JVW+8WF,False,2.564,4.237,1.645,1.97
2025-10-14 12:27:20,13.20342,77.66473,6M37+FRW,False,2.096,6.333,1.645,1.97
2025-10-14 12:27:21,13.21568,77.67678,6M8G+6PP KSIIDC Access Flyover,True,1.883,8.216,3.528,4.23
2025-10-14 12:27:22,13.24204,77.70344,Devanahalli Bypass NH-7,True,4.105,12.321,7.634,9.16
2025-10-14 12:27:24,13.25133,77.70713,7P25+82W,False,0.639,12.96,7.634,9.16
2025-10-14 12:27:25,13.25602,77.71027,7P46+F23,False,0.621,13.58,7.634,9.16
2025-10-14 12:27:26,13.25703,77.7174,1,False,0.051,13.631,7.634,9.16
2025-10-14 12:27:28,13.25688,77.72538,7P4G+J5J,False,0.074,13.705,7.634,9.16
2025-10-14 12:27:29,13.26105,77.73228,7P6J+GVM,False,0.087,13.792,7.634,9.16
2025-10-14 12:27:31,13.27293,77.75128,SH 96,True,2.443,16.234,10.076,12.09
2025-10-14 12:27:32,13.28264,77.76684,SH 96,True,1.999,18.234,12.076,14.49
2025-10-14 12:27:33,13.28823,77.77579,7QQG+9QX Apranje Elite Grandeur,False,0.965,19.199,12.076,14.49
2025-10-14 12:27:35,13.28922,77.78398,7QQM+HPH,False,0.605,19.804,12.076,14.49
2025-10-14 12:27:36,13.2855,77.79746,Vijayapura Bypass Road,False,1.518,21.322,12.076,14.49
2025-10-14 12:27:38,13.28264,77.80937,7RJ5+W9,False,1.329,22.65,12.076,14.49
2025-10-14 12:27:39,13.27826,77.82297,7RHC+9WV,True,1.551,24.202,13.627,16.35
2025-10-14 12:27:40,13.26933,77.85369,7V93+QJC,False,3.473,27.674,13.627,16.35
2025-10-14 12:27:42,13.26284,77.86233,7V76+7PP,False,1.18,28.854,13.627,16.35
2025-10-14 12:27:43,13.26173,77.86801,Chikkaballapura Rd,False,0.088,28.942,13.627,16.35
2025-10-14 12:27:44,13.258,77.88909,7V5Q+89X,False,2.321,31.264,13.627,16.35
2025-10-14 12:27:46,13.25014,77.9137,Kolar-Chikkaballapur Rd,False,2.805,34.069,13.627,16.35
2025-10-14 12:27:47,13.24405,77.92732,6WVG+PV4,False,1.623,35.692,13.627,16.35
2025-10-14 12:27:48,13.24385,77.93121,56,False,0.422,36.114,13.627,16.35
2025-10-14 12:27:50,13.2467,77.93355,6WWM+PMR,False,0.077,36.191,13.627,16.35
2025-10-14 12:27:52,13.25527,77.94045,Survey Nos. 61,True,0.015,36.206,13.642,16.37
2025-10-14 12:27:53,13.27466,77.95242,Hoskote - Chintamani Rd,False,2.507,38.713,13.642,16.37
2025-10-14 12:27:54,13.31632,77.98099,8X8J+M8X,False,5.552,44.265,13.642,16.37
2025-10-14 12:27:56,13.32326,77.98327,8XFM+78,False,0.706,44.971,13.642,16.37
2025-10-14 12:27:57,13.3249,77.98962,8XGR+742,False,0.711,45.683,13.642,16.37
2025-10-14 12:27:59,13.33811,78.00697,82Q4+HPR,False,2.381,48.064,13.642,16.37
2025-10-14 12:28:00,13.35543,78.03272,924M+634,False,3.384,51.448,13.642,16.37
2025-10-14 12:28:01,13.3755,78.0693,SH 82,True,4.542,55.99,18.185,21.82
2025-10-14 12:28:03,13.38178,78.08045,93JH+FG4,False,0.093,56.083,18.185,21.82
2025-10-14 12:28:04,13.38783,78.10136,Bangalore Main Rd,False,2.362,58.445,18.185,21.82
2025-10-14 12:28:06,13.41179,78.15189,C562+QJR,False,6.081,64.526,18.185,21.82
2025-10-14 12:28:07,13.43621,78.20346,2,False,6.204,70.73,18.185,21.82
2025-10-14 12:28:09,13.43488,78.21038,Tadigallu cross,False,0.057,70.787,18.185,21.82
2025-10-14 12:28:10,13.43837,78.21817,Bangalore Main Rd,False,0.058,70.845,18.185,21.82
2025-10-14 12:28:12,13.44024,78.22531,C6RG+34 Marepalli,False,0.008,70.853,18.185,21.82
2025-10-14 12:28:13,13.4425,78.23269,Kadapa - Bengaluru Hwy,False,0.837,71.69,18.185,21.82
2025-10-14 12:28:15,13.44584,78.23805,Kadapa - Bengaluru Hwy,False,0.021,71.711,18.185,21.82
2025-10-14 12:28:16,13.44714,78.24538,C6XV+6QX,False,0.046,71.757,18.185,21.82
2025-10-14 12:28:17,13.44661,78.24959,Kadapa - Bengaluru Hwy,True,0.055,71.812,18.24,21.89
2025-10-14 12:28:19,13.44937,78.25361,Kadapa - Bengaluru Hwy,True,0.532,72.344,18.771,22.53
2025-10-14 12:28:20,13.45448,78.25784,Kadapa - Bengaluru Hwy,True,0.596,72.941,19.368,23.24
2025-10-14 12:28:21,13.45696,78.26243,F746+RV8,True,0.489,73.43,19.857,23.83
2025-10-14 12:28:23,13.45916,78.26552,Kadapa - Bengaluru Hwy,True,0.036,73.466,19.893,23.87
2025-10-14 12:28:24,13.45939,78.27064,17,True,0.555,74.021,20.448,24.54
2025-10-14 12:28:25,13.46246,78.28513,F76M+WQ5,False,1.605,75.626,20.448,24.54
2025-10-14 12:28:27,13.47168,78.29073,SH 82,True,0.078,75.704,20.526,24.63
2025-10-14 12:28:28,13.47745,78.29579,F7HW+26J,False,0.019,75.724,20.526,24.63
2025-10-14 12:28:29,13.4871,78.31113,SH 82,True,1.974,77.698,22.501,27.0
2025-10-14 12:28:31,13.49354,78.32086,SH 82,True,1.272,78.97,23.772,28.53
2025-10-14 12:28:32,13.5036,78.33242,G83J+CP3,False,0.066,79.036,23.772,28.53
2025-10-14 12:28:34,13.51559,78.33913,SH 82,True,0.012,79.047,23.784,28.54
2025-10-14 12:28:35,13.5272,78.34391,SH 82,True,1.385,80.432,25.169,30.2
2025-10-14 12:28:36,13.53278,78.35241,SH 82,True,0.021,80.453,25.19,30.23
2025-10-14 12:28:37,13.53143,78.35645,G9J4+HR,False,0.004,80.457,25.19,30.23
2025-10-14 12:28:39,13.53326,78.36093,SH 82,True,0.526,80.982,25.715,30.86
2025-10-14 12:28:40,13.53551,78.37694,Kadapa - Bengaluru Hwy,False,0.033,81.015,25.715,30.86
2025-10-14 12:28:42,13.53866,78.38759,Madanapalle Bangalor Rd,True,0.1,81.115,25.815,30.98
2025-10-14 12:28:43,13.5429,78.40299,Madanapalle Bangalor Rd,True,1.732,82.846,27.547,33.06
2025-10-14 12:28:44,13.54273,78.41586,GCV8+2FF,True,1.393,84.24,28.94,34.73
2025-10-14 12:28:46,13.5422,78.42105,Kadapa - Bengaluru Hwy,True,0.479,84.719,29.42,35.3
2025-10-14 12:28:47,13.54369,78.42626,GCVG+9F5,True,0.015,84.734,29.434,35.32
2025-10-14 12:28:48,13.54519,78.44386,Madanapalle Bangalor Rd,True,1.912,86.646,31.346,37.62
2025-10-14 12:28:49,13.54965,78.46058,742,True,1.876,88.522,33.222,39.87
2025-10-14 12:28:51,13.54916,78.46777,GFX8+WWP,True,0.009,88.531,33.232,39.88
2025-10-14 12:28:53,13.55133,78.47866,HF2H+GF,True,1.203,89.734,34.434,41.32
2025-10-14 12:28:54,13.55426,78.489,HF3Q+MMJ,True,1.165,90.899,35.6,42.72
2025-10-14 12:28:55,13.55617,78.50099,866,True,1.315,92.215,36.915,44.3
2025-10-14 12:28:57,13.56021,78.49872,Shop No 4,True,0.012,92.227,36.927,44.31
2025-10-14 12:28:58,13.56898,78.49962,HF9X+JWX,True,0.064,92.291,36.991,44.39
2025-10-14 12:28:59,13.57614,78.50035,HGG2+F62,True,0.044,92.335,37.036,44.44
2025-10-14 12:29:01,13.58208,78.49618,3/146-14-6-90-134/A,True,0.034,92.369,37.069,44.48
2025-10-14 12:29:02,13.59649,78.49482,HFWV+9V5,True,1.601,93.97,38.671,46.4
2025-10-14 12:29:03,13.60438,78.4913,JF3R+CFP,True,0.024,93.994,38.694,46.43
2025-10-14 12:29:05,13.61337,78.48996,JF7Q+CM,True,0.037,94.031,38.732,46.48
2025-10-14 12:29:06,13.62327,78.4938,Chennai - Anantapur Hwy,True,0.065,94.096,38.796,46.56
2025-10-14 12:29:08,13.63276,78.49411,JFMV+FPF,True,0.027,94.122,38.823,46.59
2025-10-14 12:29:09,13.63733,78.48712,JFPP+GGM,True,0.91,95.032,39.733,47.68
2025-10-14 12:29:10,13.63828,78.48338,NH 42,True,0.06,95.092,39.793,47.75
2025-10-14 12:29:11,13.63779,78.48491,JFQM+4X Thumma Chetla Palle,True,0.0,95.092,39.793,47.75
2025-10-14 12:29:13,13.63807,78.48698,Veeraballi - Gadikota - Edigapalli Rd,True,0.031,95.123,39.823,47.79
2025-10-14 12:29:14,13.64159,78.48773,Kadapa - Bengaluru Hwy,True,0.001,95.123,39.824,47.79
2025-10-14 12:29:15,13.65153,78.49051,NH340,True,1.14,96.263,40.964,49.16
2025-10-14 12:29:17,13.65694,78.48911,Kadapa - Bengaluru Hwy,True,0.64,96.903,41.604,49.92
2025-10-14 12:29:18,13.66549,78.4893,Kadapa - Bengaluru Hwy,True,0.031,96.934,41.635,49.96
2025-10-14 12:29:20,13.66926,78.48972,Kadapa - Bengaluru Hwy,True,0.022,96.957,41.657,49.99
2025-10-14 12:29:21,13.67037,78.49188,NH340,True,0.039,96.996,41.696,50.04
2025-10-14 12:29:22,13.67317,78.49629,Kadapa - Bengaluru Hwy,True,0.015,97.011,41.712,50.05
2025-10-14 12:29:24,13.67847,78.49672,Kadapa - Bengaluru Hwy,True,0.582,97.593,42.293,50.75
2025-10-14 12:29:25,13.68351,78.49927,Kadapa - Bengaluru Hwy,True,0.622,98.215,42.915,51.5
2025-10-14 12:29:26,13.68659,78.50429,MGP4+P4Q,True,0.641,98.856,43.556,52.27
2025-10-14 12:29:27,13.6901,78.51376,MGR7+8Q,True,0.892,99.748,44.449,53.34
2025-10-14 12:29:29,13.69698,78.51827,Kadapa - Bengaluru Hwy,True,0.624,100.372,45.073,54.09
2025-10-14 12:29:30,13.70312,78.51942,Kadapa - Bengaluru Hwy,True,0.024,100.396,45.096,54.12
2025-10-14 12:29:31,13.71361,78.52878,Kadapa - Bengaluru Hwy,True,1.54,101.936,46.637,55.96
2025-10-14 12:29:33,13.7202,78.53523,Kadapa - Bengaluru Hwy,True,0.042,101.978,46.678,56.01
2025-10-14 12:29:34,13.72643,78.53658,Kadapa - Bengaluru Hwy,True,0.029,102.007,46.708,56.05
2025-10-14 12:29:35,13.73986,78.5433,NH340,True,1.654,103.661,48.361,58.03
2025-10-14 12:29:37,13.75263,78.55544,NH340,True,1.929,105.59,50.29,60.35
2025-10-14 12:29:38,13.7629,78.57442,Veeraballi - Gadikota - Edigapalli Rd,True,2.346,107.936,52.636,63.16
2025-10-14 12:29:39,13.76712,78.57887,Veeraballi - Gadikota - Edigapalli Rd,True,0.015,107.951,52.652,63.18
2025-10-14 12:29:40,13.77284,78.58374,Main Bazar,True,0.481,108.432,53.133,63.76
2025-10-14 12:29:42,13.7776,78.58531,QHHP+63W,True,0.553,108.986,53.686,64.42
2025-10-14 12:29:43,13.78165,78.58932,977,True,0.03,109.016,53.717,64.46
2025-10-14 12:29:44,13.78733,78.59401,Gurramkonda,True,0.026,109.043,53.743,64.49
2025-10-14 12:29:46,13.79864,78.60596,NH340,True,1.799,110.841,55.542,66.65
2025-10-14 12:29:47,13.80815,78.62631,NH340,True,2.439,113.281,57.981,69.58
2025-10-14 12:29:48,13.81296,78.63083,RJ7J+9P9,True,0.677,113.957,58.658,70.39
2025-10-14 12:29:49,13.822,78.63384,Kadapa - Bengaluru Hwy,True,0.063,114.02,58.72,70.46
2025-10-14 12:29:51,13.83856,78.65241,Kadapa - Bengaluru Hwy,True,2.718,116.738,61.439,73.73
2025-10-14 12:29:52,13.8412,78.65614,Cherlopalle Post,True,0.013,116.751,61.452,73.74
2025-10-14 12:29:53,13.84597,78.65737,Kadapa - Bengaluru Hwy,True,0.512,117.263,61.963,74.36
2025-10-14 12:29:55,13.85233,78.65483,Kadapa - Bengaluru Hwy,True,0.002,117.265,61.965,74.36
2025-10-14 12:29:56,13.85701,78.65528,1-1,True,0.014,117.279,61.979,74.38
2025-10-14 12:29:57,13.87026,78.65113,Kadapa - Bengaluru Hwy,True,1.533,118.812,63.512,76.21
2025-10-14 12:29:58,13.88144,78.64692,Veeraballi - Gadikota - Edigapalli Rd,True,0.977,119.788,64.489,77.39
2025-10-14 12:30:00,13.88617,78.6466,VJPW+MPJ,True,0.0,119.789,64.489,77.39
2025-10-14 12:30:01,13.89354,78.6517,Veeraballi - Gadikota - Edigapalli Rd,True,0.524,120.312,65.013,78.02
2025-10-14 12:30:02,13.90313,78.6575,WM35+72V,False,0.386,120.699,65.013,78.02
2025-10-14 12:30:04,13.91144,78.66333,NH340,True,0.881,121.58,65.894,79.07
2025-10-14 12:30:05,13.91725,78.67392,Veeraballi - Gadikota - Edigapalli Rd,True,1.313,122.893,67.207,80.65
2025-10-14 12:30:06,13.92523,78.68059,WMGJ+H8V,True,0.068,122.961,67.275,80.73
2025-10-14 12:30:08,13.93116,78.68165,Mayana Fayaz Ali Khan,True,0.666,123.627,67.941,81.53
2025-10-14 12:30:09,13.93969,78.68394,WMQM+VG7,True,0.051,123.679,67.993,81.59
2025-10-14 12:30:10,13.95378,78.69226,Kadapa - Bengaluru Hwy,True,1.8,125.478,69.792,83.75
2025-10-14 12:30:12,13.97143,78.69809,Kadapa - Bengaluru Hwy,True,2.052,127.53,71.844,86.21
2025-10-14 12:30:13,13.98013,78.70362,Kadapa - Bengaluru Hwy,True,0.026,127.556,71.87,86.24
2025-10-14 12:30:14,13.99238,78.70639,XPR4+FPC,True,1.388,128.944,73.258,87.91
2025-10-14 12:30:15,13.99857,78.70719,Kadapa - Bengaluru Hwy,True,0.031,128.975,73.289,87.95
2025-10-14 12:30:17,14.00975,78.71217,Kadapa - Bengaluru Hwy,True,0.687,129.662,73.976,88.77
2025-10-14 12:30:18,14.02606,78.7297,2PGH+6V,True,2.616,132.278,76.592,91.91
2025-10-14 12:30:19,14.02855,78.73021,2PHH+5VG,True,0.019,132.297,76.611,91.93
